Time (ms),x1,x2,x3,x4,x5
0,-0.018491,-0.32217,0.039232,-0.38318,0.011324
200,0.15436,0.35713,0.013492,0.017197,-0.32424
400,0.12287,0.064029,0.03102,0.24879,0.42214
600,0.25204,0.18795,0.025052,0.066901,-0.76769
800,0.27945,0.45323,0.1336,0.050489,-0.58096
1000,0.070755,0.69891,0.12827,-0.0044147,0.69911
1200,0.13483,-0.067715,-0.16896,-0.082597,-0.078735
1400,0.068717,-0.53947,-0.18797,-0.044558,-0.94472
1600,-0.14411,0.30424,-0.04206,0.32907,-0.43407
1800,-0.075542,-0.11707,0.014228,0.40292,1.5627
2000,0.14456,-0.90482,0.0073122,-0.31854,1.8743
2200,0.10959,-0.21283,0.13139,-0.38805,0.041118
2400,-0.12035,0.088317,0.026608,-0.038463,-0.084476
2600,-0.15158,-0.38809,-0.20003,0.1519,0.61306
2800,-0.17307,-0.10966,-0.16041,-0.17947,0.069151
3000,-0.016189,0.052238,0.036882,-0.081343,-1.1239
3200,0.011846,-0.48043,0.29268,0.31519,-0.95308
3400,-0.12054,0.75621,0.10689,0.13229,-0.88746
3600,0.11469,-0.35306,-0.18005,-0.14999,0.5069
3800,0.26285,0.73776,-0.092316,-0.28799,2.7179
4000,0.2969,0.51713,0.24865,0.25797,3.201
4200,-0.24064,0.87794,0.28853,0.3128,2.2556
4400,-0.27842,0.50381,-0.37066,-0.23816,0.90185
4600,-0.19432,-0.42027,-0.51111,-0.25089,-1.5393
4800,-0.14832,0.21492,-0.03686,0.085802,-4.5448
5000,-0.19702,-0.29983,0.47269,0.18545,-3.6214
5200,-0.057198,-0.56454,0.28237,-0.10139,-1.376
5400,-0.12254,-0.69342,-0.11835,-0.013088,0.26152
5600,-0.19662,0.1414,-0.39631,0.023953,0.29751
5800,-0.14914,-0.67492,-0.29029,0.073063,-1.0819
6000,-0.07986,-0.44194,0.10959,-0.22009,-2.2292
6200,0.11654,0.40207,0.28659,-0.23766,-2.15
6400,0.082175,-0.20683,0.25269,0.13217,-0.84072
6600,-0.45501,-0.08368,-0.19916,0.10542,0.51743
6800,-0.47504,-0.16054,-0.76259,-0.19717,1.6806
7000,-0.39793,-0.18762,-0.47016,-0.015589,2.2428
7200,-0.34872,-1.0206,0.41023,0.15107,1.9463
7400,-0.14777,-0.66749,0.75836,-0.14448,1.3476
7600,-0.005711,0.30933,0.26293,-0.30244,0.088143
7800,0.22723,0.54208,-0.42041,0.0012548,-0.54923
8000,0.13521,0.58067,-0.32266,0.18201,-0.40735
8200,0.29294,-0.51969,0.065926,-0.17101,0.11504
8400,0.011803,-0.36976,0.53744,-0.3082,1.5353
8600,-0.0094263,-0.2453,0.1885,-0.10226,1.5583
8800,0.13038,0.025932,-0.28351,-0.11614,1.8656
9000,0.25438,-0.10838,-0.19331,-0.26152,0.6722
9200,0.22287,0.038555,0.16511,0.14078,-0.41153
9400,0.0059924,0.41812,0.32122,0.54605,0.65091
9600,-0.045529,0.067648,-0.10064,-0.065752,0.6638
9800,0.28013,-0.75948,-0.40285,-0.12902,0.56004
10000,0.22549,-0.23548,0.15841,-0.12349,-0.4625
10200,0.13526,0.72643,0.43329,0.33856,-1.6823
10400,0.13116,0.12818,0.045216,0.17811,-1.0442
10600,-0.036862,-1.1061,-0.30123,-0.039145,-0.53237
10800,0.2,-0.77997,-0.31776,-0.33197,0.22731
11000,-0.050439,-0.092632,0.2665,0.04037,1.2541
11200,0.11242,-0.070074,0.24635,0.2042,2.7174
11400,0.30426,-0.27853,-0.0083122,0.33526,3.0545
11600,-0.20079,0.13359,-0.093141,-0.049765,2.9873
11800,-0.1989,-0.094047,-0.49564,-0.33818,1.1962
12000,-0.02076,0.11217,-0.29645,-0.19456,0.050312
12200,0.025635,0.4676,0.33578,-0.17344,-0.89998
12400,0.34534,0.11986,0.41803,0.26965,-1.4078
12600,0.18089,-0.28178,0.21882,0.32319,-1.3514
12800,0.44474,0.46347,-0.26514,-0.092517,-0.52376
13000,0.49546,0.77484,-0.10491,-0.027185,0.056792
13200,0.60436,0.17415,0.18466,0.20144,1.1218
13400,0.58115,-0.18509,0.41256,-0.044564,1.5054
13600,0.33557,0.18481,0.19569,-0.31017,-0.047275
13800,-0.02783,0.30027,-0.29868,-0.11187,-1.6687
14000,-0.2614,0.26404,-0.59321,0.36858,-0.86264
14200,-0.19436,-0.57002,-0.34941,0.38381,-0.52101
14400,-0.17874,-0.10885,0.23659,-0.13621,-1.4964
14600,0.076286,0.012152,0.43418,-0.24437,-1.0646
14800,0.54202,0.89701,0.25985,-0.019209,0.25741
15000,0.63017,1.1035,0.17063,0.22439,0.72849
15200,0.42146,0.59912,0.020159,0.28733,0.60185
15400,0.35004,-0.027368,-0.2696,-0.21828,-0.48182
15600,0.4916,0.79711,-0.24015,-0.28288,-1.5524
15800,-0.1353,0.31693,0.24633,0.078483,-1.4184
16000,-0.28937,-0.15233,0.0026868,0.37462,-1.0993
16200,-0.17858,-1.1555,-0.38142,0.25387,-0.18722
16400,-0.083271,-0.93802,-0.23373,-0.24733,0.42286
16600,-0.086211,-0.22486,0.25405,-0.22899,0.22163
16800,0.203,0.57391,0.46905,0.041013,0.41885
17000,-0.033253,0.95922,0.23304,0.34293,-0.022143
17200,-0.1264,0.2278,-0.28097,0.11403,0.25231
17400,0.02264,-0.44868,-0.52642,-0.1931,-0.27555
17600,-0.13272,-0.7794,0.024668,-0.23013,0.29897
17800,0.046818,-0.056243,0.2404,-0.074919,-0.39022
18000,-0.13476,-0.45872,0.27817,0.0076565,0.062457
18200,-0.056547,-0.83368,-0.3035,0.19997,0.89332
18400,0.020963,-0.4292,-0.37479,0.20337,1.1675
18600,-0.33001,0.30951,0.09506,0.24393,1.6079
18800,-0.36724,0.82947,0.067159,0.029358,1.6375
19000,-0.38193,0.40379,-0.1371,-0.45417,1.4821
19200,-0.069835,0.58526,-0.25196,-0.23025,-0.39204
19400,0.043519,-0.68205,0.099668,0.3249,-0.94974
19600,-0.20553,-0.069952,0.41923,0.59127,0.71908
19800,0.094419,0.22819,-0.0014533,0.12695,2.2483
20000,-0.19181,0.80381,-0.17125,-0.37264,1.5697
20200,-0.35739,-0.26938,-0.35248,-0.28022,-0.58042
20400,0.067313,0.1547,-0.10164,0.068261,-1.3518
20600,0.36518,-0.28359,0.56346,0.096228,-0.96944
20800,-0.0096326,0.071587,0.79912,0.11415,-0.2191
21000,-0.12556,0.17359,-0.18509,-0.047441,0.762
21200,-0.32984,0.41406,-0.95861,-0.0044296,1.5348
21400,-0.17804,-0.049839,-0.67637,0.12946,1.9625
21600,0.040511,-1.0033,0.47162,-0.034071,1.1633
21800,-0.17807,-0.32301,0.99437,0.025094,-0.077294
22000,-0.42132,-0.0076483,0.057407,-0.089771,-1.2475
22200,-0.14669,-0.95186,-1.1411,-0.054464,-1.6997
22400,0.037249,-0.28491,-0.71952,0.14257,-1.7252
22600,-0.24855,0.05587,0.54115,0.104,-0.40091
22800,-0.1188,0.21622,0.77985,-0.19467,1.112
23000,-0.067817,0.68382,0.12464,-0.054568,0.96505
23200,0.21558,0.51421,-0.69654,0.15573,0.76176
23400,0.67308,-0.40808,-0.41623,0.05805,1.0271
23600,0.55424,-0.16715,0.7543,-0.40294,1.5144
23800,0.48433,0.12558,0.8542,-0.25143,0.43018
24000,1.5307e-05,0.51939,-0.1373,0.25451,0.025954
24200,-0.004728,0.30375,-1.1863,0.21727,-0.095965
24400,-0.39236,-0.83222,-0.73004,0.13659,1.0971
24600,-0.060299,-0.5965,0.27392,-0.17462,1.7216
24800,0.13847,0.23831,1.088,-0.48672,1.724
25000,-0.12854,0.22136,0.67768,-0.17929,2.8659
25200,-0.43044,-0.10727,-0.57549,0.20606,2.0936
25400,-0.089294,-0.18442,-1.2109,0.27156,0.36681
25600,0.037288,0.54351,-0.075088,-0.017739,-0.042557
25800,0.29315,-0.10209,1.07,-0.19682,-1.1023
26000,0.22959,-0.23439,1.1423,-0.10795,-1.1627
26200,0.31616,0.26924,-0.23269,-0.12174,-1.5062
26400,0.51017,0.38523,-1.1472,0.23608,-1.4074
26600,0.24595,0.45087,-0.4164,0.03679,-1.5049
26800,0.24559,0.17748,0.52197,-0.010668,-0.53478
27000,-0.042092,0.20078,0.65734,0.14961,0.56585
27200,-0.09078,-0.11008,-0.16841,0.38975,0.65821
27400,-0.036922,-0.71763,-0.66427,-0.025132,0.33245
27600,-0.11822,0.59043,-0.28818,-0.073749,-0.4863
27800,-0.18768,0.64264,0.26236,0.27647,-0.82094
28000,0.34274,-0.42898,0.3912,0.33946,-0.57945
28200,0.2672,-0.12751,0.5362,-0.056297,-0.29768
28400,-0.032043,-0.25476,0.019065,-0.012584,0.11955
28600,-0.25679,0.02724,-0.68147,0.043605,0.31207
28800,-0.004229,0.1087,-0.67237,0.00016999,1.5597
29000,-0.073067,0.11925,0.29954,0.15641,2.3519
29200,-0.18738,-0.023432,0.72429,0.44218,1.1987
29400,0.0054382,-0.083882,0.15029,0.18718,0.64345
29600,-0.1378,-0.038867,-0.48349,-0.26025,-0.86022
29800,-0.18714,-0.22051,-0.61072,-0.094539,-1.2544
30000,-0.24842,-0.40503,-0.09176,-0.080293,0.074972
30200,-0.45641,-0.092412,0.45803,0.34621,0.17959
30400,-0.38443,0.38948,0.20093,0.015707,-0.43497
30600,-0.20302,0.26058,-0.28645,-0.090437,-2.2052
30800,0.058794,-0.35092,-0.19107,0.3225,-2.8843
31000,-0.44043,-0.41863,0.26693,0.29476,-2.3395
31200,-0.5518,-0.35301,-0.010163,-0.29043,-2.2545
31400,-0.54711,0.44527,-0.42097,-0.32338,-0.55979
31600,-0.2503,-0.0033608,-0.38193,0.059015,-0.19874
31800,-0.045643,-0.74776,0.19084,0.43799,-0.28553
32000,0.45295,0.03103,0.62607,0.2464,1.1989
32200,0.37645,0.74987,0.72006,-0.17482,2.4488
32400,0.70933,0.42298,-0.020551,-0.07235,2.0449
32600,0.72683,0.13609,-0.36927,0.18859,1.296
32800,0.79514,-0.14398,-0.1107,-0.028541,1.1326
33000,0.56447,-0.2529,0.40709,-0.2557,0.67504
33200,0.21784,0.30669,0.29651,0.20905,0.84541
33400,0.28646,0.19544,-0.34407,0.3651,0.7792
33600,0.17968,-0.45101,-0.4641,-0.14744,1.1971
33800,0.2678,-0.47593,-0.086042,-0.27945,0.045142
34000,0.068093,-0.20867,0.49462,-0.002656,-0.0056637
34200,-0.10915,-0.079881,0.225,0.14063,-0.32248
34400,-0.23313,-0.15005,-0.36796,0.10963,0.14337
34600,-0.083368,-0.65248,-0.54254,-0.12126,-0.87268
34800,-0.31664,-1.1484,0.12049,-0.19808,-1.3352
35000,-0.18618,0.01332,0.34948,0.024981,-0.72495
35200,-0.019193,0.16772,0.24635,0.47543,0.2162
35400,-0.14499,-0.15514,-0.01635,0.22333,0.1876
35600,-0.19303,-0.092944,-0.32048,-0.21612,-1.8852
35800,-0.32535,0.63098,-0.16377,-0.34124,-1.8092
36000,0.056854,-0.64315,0.0060407,0.16388,-1.6037
36200,0.18265,-0.84787,0.31036,0.20378,-1.2024
36400,0.45546,-0.29014,0.35289,-0.0055222,-1.0357
36600,0.45048,1.2607,0.18504,-0.22388,-0.14068
36800,0.087609,1.3188,-0.10168,-0.17122,-0.56304
37000,0.21491,0.38008,-0.447,0.11854,-1.8713
37200,0.45021,-0.6715,-0.022532,0.36886,-1.0231
37400,0.045049,0.14073,0.58786,0.091692,-1.0698
37600,0.031008,1.2274,0.23823,-0.055189,-2.272
37800,-0.0064111,-0.22549,-0.41151,0.012634,-2.2279
38000,-0.40247,-0.64477,-0.52303,0.10657,-2.2923
38200,-0.28243,-0.16347,-0.24643,-0.21813,-0.89852
38400,0.032486,-0.04118,0.26856,-0.12372,0.31169
38600,0.14184,-0.28131,0.64064,0.059772,-0.0045996
38800,-0.0084578,-0.46778,0.3515,0.36034,-0.93091
39000,0.12479,0.59204,-0.42343,0.078248,-1.0105
39200,-0.074991,0.44185,-0.527,-0.31023,0.20345
39400,-0.099034,-0.54007,-0.026,-0.25591,0.40854
39600,-0.11928,-0.5698,0.45468,0.17103,-0.42666
39800,-0.32749,-0.073692,0.29002,0.32477,0.11111
40000,-0.37286,0.12174,-0.43476,-0.26453,-0.13944
40200,0.029408,-0.0969,-0.62065,-0.019233,0.8067
40400,0.12035,-0.32398,0.24983,0.44624,-0.79187
40600,-0.021079,-0.29071,0.758,0.12354,-0.8628
40800,-0.042979,0.069942,0.17048,-0.47397,0.34194
41000,0.20322,-0.41332,-0.56172,-0.25046,-0.56351
41200,0.35127,0.87337,-0.42468,0.27305,-1.11
41400,0.23174,0.39046,0.27887,0.27381,-0.57347
41600,0.34048,-0.60026,0.44638,0.17485,0.020494
41800,0.53666,-0.30447,0.16662,-0.073902,1.8137
42000,0.27979,0.54794,-0.11909,0.090359,0.63257
42200,0.25999,0.79801,-0.46617,-0.023379,0.3404
42400,0.102,-0.29708,-0.18023,-0.057929,-0.94989
42600,-0.23698,-0.57382,0.13506,-0.20194,-2.181
42800,-0.10817,-1.2473,0.0051719,-0.096415,-1.9189
43000,0.10415,-0.29608,-0.089745,0.13025,-0.60306
43200,0.1353,0.24587,0.1021,0.049282,0.058862
43400,0.013547,-0.0048713,0.11861,-0.10225,1.1829
43600,-0.307,-0.114,-0.094575,-0.10337,0.87803
43800,0.11907,-0.12,-0.35628,-0.24216,0.8768
44000,0.16575,-0.86401,0.07989,0.25378,0.45897
44200,-0.088318,-0.76766,0.42144,0.062157,0.7505
44400,-0.34121,-0.044772,0.033987,-0.22884,0.42205
44600,-0.21939,-0.46656,-0.62698,-0.4841,-0.3068
44800,-0.3777,0.35536,-0.40134,-0.050062,-1.4236
45000,0.22793,0.15456,0.12872,0.20395,-1.1586
45200,0.37346,-0.60604,0.90893,0.21285,0.4671
45400,0.050841,0.13352,0.6585,0.24445,1.1245
45600,-0.16221,0.55617,-0.55266,-0.16037,1.1876
45800,-0.43087,0.071272,-1.1136,-0.14787,1.0371
46000,-0.50438,0.41282,-0.47998,-0.065494,0.45701
46200,-0.38926,-0.27011,0.54805,0.032621,-0.80604
46400,-0.25581,0.017413,0.89489,-0.21397,-1.5194
46600,-0.45619,0.18244,0.20015,-0.12738,-1.0633
46800,-0.44193,0.10976,-0.9084,-0.0056169,-0.93205
47000,-0.15414,-0.7682,-0.84879,-0.00042655,-0.56479
47200,-0.52475,0.65328,0.4202,0.014006,-0.2131
47400,-0.49448,0.37786,0.72367,-0.27736,-0.13769
47600,0.021594,-0.14301,0.14793,-0.16185,0.79234
47800,-0.1218,0.26334,-0.16313,0.070664,1.458
48000,-0.37862,-0.43504,-0.36328,0.095078,2.3563
48200,-0.32776,0.56651,-0.37206,-0.10121,2.0261
48400,-0.052539,-0.17394,0.059468,0.00086789,1.5206
48600,0.17445,-0.27498,0.52777,-0.27846,0.93633
48800,0.63459,-0.23574,0.42735,-0.052213,1.4643
49000,0.53188,0.61797,0.17524,0.26626,0.96628
49200,0.37137,0.49077,-0.18752,-0.043695,1.6695
49400,0.51508,0.38574,-0.41924,-0.50153,0.56253
49600,0.38063,-0.45683,-0.0046408,-0.16608,0.10346
49800,0.66054,0.095085,0.34183,0.66467,0.16788
50000,0.43218,0.20382,0.52067,0.50513,0.4338
50200,0.20616,-0.15142,-0.058344,-0.35377,1.1748
50400,0.24591,0.16652,-0.59006,-0.46057,1.0248
50600,0.14061,0.76082,-0.35078,0.19481,-0.29269
50800,-0.0048844,-0.27776,0.28569,0.38974,0.94335
51000,0.34217,-0.14491,0.48767,0.15734,0.93063
51200,0.22371,0.42695,0.33255,-0.47077,-0.42907
51400,-0.060698,-0.49071,-0.25041,-0.51974,-0.21071
51600,-0.21533,-0.84301,-0.68692,0.10316,1.011
51800,-0.028083,-0.1307,-0.41616,0.4964,1.9727
52000,-0.29875,0.99933,0.45917,0.31223,1.9159
52200,-0.2924,0.15429,0.45104,-0.27844,0.62574
52400,-0.066562,0.0065837,-0.044327,-0.66815,-1.5083
52600,0.12467,0.046641,-0.2935,-0.17586,-2.6366
52800,-0.013804,0.15153,0.0050833,0.4107,-2.1757
53000,-0.33505,-0.56923,0.25231,0.22525,-1.0952
53200,-0.38816,-0.3515,0.046301,-0.00071486,0.18897
53400,-0.38515,-0.43812,-0.2773,-0.23847,0.19573
53600,-0.21139,-0.36133,-0.23164,-0.17711,1.0208
53800,0.0042366,0.47915,0.28213,0.14335,0.99031
54000,0.13426,0.55255,0.55363,-0.16378,0.84236
54200,0.15962,0.45035,0.16685,-0.06017,-0.3467
54400,0.33798,-0.45486,-0.40978,0.0061351,-0.67314
54600,0.21457,0.0033973,-0.28373,0.32094,-0.50451
54800,0.28941,-0.045213,0.091779,-0.054908,-0.17674
55000,0.17631,0.10544,0.37238,-0.32462,0.24333
55200,0.6862,-0.24034,0.11209,0.033851,0.014065
55400,0.46193,0.14284,0.16702,0.51038,0.56523
55600,0.0028223,0.34154,-0.050349,0.30782,-0.5207
55800,0.39016,-0.15302,-0.46507,-0.12142,-0.82231
56000,0.61504,-0.064268,0.0063514,-0.38165,-1.2251
56200,0.22614,-0.016671,0.62347,-0.24557,-1.5428
56400,0.011141,-0.12773,0.17975,0.12533,-1.5699
56600,0.084695,0.020973,-0.49404,0.25433,-0.21501
56800,0.32511,-0.0047339,-0.48205,0.28049,0.48731
57000,0.13574,0.16244,0.28302,-0.15713,1.9751
57200,-0.040915,0.68587,0.53002,-0.55814,1.2877
57400,-0.094572,0.67904,-0.0055911,-0.1589,0.7125
57600,0.094543,-0.75281,-0.51966,0.25699,-0.39668
57800,0.2881,-0.86711,-0.23305,0.17776,-0.35797
58000,0.19278,0.40281,0.45702,-0.31558,0.55039
58200,0.097307,-0.56728,0.5,-0.11016,0.76505
58400,0.12116,-0.38094,-0.16381,0.15223,1.9285
58600,-0.066286,0.1523,-0.46553,0.15946,1.6057
58800,0.13271,-0.040343,-0.2889,-0.15846,0.40188
59000,0.13471,0.4845,0.30874,-0.29964,-0.60573
59200,-0.47079,0.16171,0.45546,0.15186,-0.035015
59400,-0.51193,-0.26773,-0.40853,0.46922,1.2795
59600,-0.37544,0.38688,-0.79366,0.18883,2.134
59800,-0.2517,0.33272,-0.13827,-0.25989,2.1288
60000,-0.11092,-0.41342,0.65304,-0.32247,0.0043056
60200,-0.41954,0.53974,0.68947,0.017738,-1.0164
60400,-0.32272,0.044093,-0.3294,0.47556,-0.050901
60600,-0.21255,-0.16134,-0.88663,0.17372,1.0061
60800,-0.28224,-0.28598,-0.25946,-0.23687,1.0663
61000,-0.34656,-0.16463,0.59258,-0.41804,0.7269
61200,0.01855,-0.16532,0.61534,0.12594,-0.17435
61400,0.021014,-0.010632,0.19655,0.2457,-0.39044
61600,0.02572,0.86155,-0.39957,0.22802,-0.87358
61800,-0.52582,0.12691,-0.45201,-0.1478,-0.67898
62000,-0.20456,-0.44013,-0.3259,-0.31576,-2.0261
62200,0.13978,0.14441,0.4714,-0.087515,-2.0301
62400,0.22656,0.091523,0.78599,0.078096,-1.1553
62600,0.12782,-0.75814,0.17303,-0.059635,-0.55912
62800,-0.10139,0.4341,-0.64157,0.073684,-0.94179
63000,-0.018014,-0.0039455,-0.74726,0.1575,-0.42811
63200,-0.35231,-0.69174,0.11591,-0.077978,-0.30462
63400,-0.099832,-1.3035,0.4907,-0.23202,-0.68595
63600,0.046993,0.52419,0.34106,0.17294,-1.4649
63800,0.1605,0.8566,-0.062183,0.26743,-1.0904
64000,0.10192,0.1954,-0.33923,0.4204,-2.02
64200,-0.041737,-0.50302,-0.26545,-0.12419,-1.658
64400,-0.15115,-0.58667,0.044995,-0.16469,-0.51104
64600,-0.39144,-0.24943,0.22612,-0.20189,0.40076
64800,0.067289,0.25467,-0.011188,0.12084,1.8674
65000,0.09374,0.1449,0.1266,0.20665,1.8824
65200,-0.091077,-0.2365,0.20156,0.20607,0.27782
65400,0.32552,0.12231,-0.192,0.22132,-0.69088
65600,0.049952,0.74018,0.089304,-0.29641,-1.2757
65800,-0.098428,0.42232,0.059791,-0.35203,-1.5407
66000,-0.081088,-0.22251,-0.2059,0.045659,-2.149
66200,0.025246,0.41989,-0.17577,0.26087,-0.73199
66400,0.28923,-0.50002,0.096543,0.085048,0.36278
66600,0.38214,-0.55704,0.50375,-0.4521,0.3864
66800,0.36117,0.26987,0.39214,-0.17659,0.93552
67000,0.17299,0.68153,-0.20858,0.032076,1.5015
67200,-0.14575,0.26764,-0.66465,0.29381,1.1874
67400,-0.26185,-0.29152,-0.54563,0.091709,1.202
67600,-0.22809,-0.65109,0.091145,-0.1741,1.5515
67800,-0.28429,0.2428,0.51099,-0.39367,-0.075644
68000,-0.26192,0.55622,0.28083,-0.16246,-1.0347
68200,-0.39457,-0.4638,-0.32687,0.25315,-0.89932
68400,0.053255,0.14903,-0.513,0.27914,-0.59502
68600,-0.0318,-0.24176,0.2434,-0.083791,0.48458
68800,0.01132,-0.23029,0.58422,-0.17733,-0.16702
69000,0.11445,-0.18051,0.29485,-0.1447,-0.43518
69200,-0.33604,0.298,-0.25182,0.2314,0.074393
69400,0.048746,0.41119,-0.96114,0.093616,1.0986
69600,-0.1052,0.19436,-0.094694,-0.072963,2.174
69800,-0.1938,-0.74382,0.64522,-0.31445,0.66658
70000,0.072818,0.24037,0.41911,-0.18906,-0.15138
70200,0.23678,0.35132,-0.10723,0.063964,0.26707
70400,-0.023618,0.042695,-0.15113,-0.046929,0.16737
70600,-0.095395,-0.28479,-0.22005,0.053598,0.33303
70800,0.11961,-0.26425,-0.060981,0.024685,-0.14687
71000,0.15697,0.14457,0.3036,0.0013305,-0.99509
71200,0.48435,0.88747,0.26974,-0.17664,-1.3052
71400,0.46533,0.47388,0.22683,0.079077,-1.3929
71600,0.23362,-0.24486,-0.061686,-0.029858,-1.0654
71800,0.03513,-0.031029,-0.36361,-0.25407,-0.18554
72000,0.24194,-0.18254,-0.24475,-0.23222,0.061352
72200,0.2709,0.15033,0.27914,0.15453,-0.30354
72400,0.13655,0.12526,0.4837,0.27812,0.5967
72600,-0.35358,-0.070181,0.091727,0.19122,0.64891
72800,-0.44824,-0.96467,-0.64488,-0.24862,0.52824
73000,-0.44146,-0.10295,-0.65178,-0.30263,0.28969
73200,-0.22495,0.77021,0.1006,0.009045,0.66018
73400,0.016601,-0.024913,0.74548,0.30745,0.4215
73600,-0.027896,0.10441,0.5584,0.085791,-0.7933
73800,0.21475,0.040845,-0.29995,0.05697,-1.2111
74000,0.45478,-0.26263,-0.564,-0.34401,-1.2416
74200,0.4784,0.44069,0.055524,-0.47706,-1.5516
74400,0.078296,0.15261,0.54795,0.30137,-1.1473
74600,0.24646,-0.36072,0.13506,0.56542,0.67834
74800,-0.10986,-0.31014,-0.31734,-0.19533,1.9057
75000,-0.30859,0.14669,-0.58426,-0.57899,0.96392
75200,-0.12844,-0.1999,-0.25114,0.089155,-0.48584
75400,-0.17108,-0.24019,0.51017,0.58707,-2.9836
75600,-0.095203,0.20888,0.45812,0.13468,-2.5303
75800,-0.092794,0.073796,-0.022054,-0.48298,-1.6649
76000,-0.061,0.5142,-0.3114,-0.34557,-0.23808
76200,-0.2121,0.029042,-0.17452,0.21721,0.27735
76400,0.04821,0.49822,0.00010712,0.23732,-0.027065
76600,0.16216,0.50403,0.4433,-0.021856,-0.16722
76800,0.54513,-0.28669,0.45491,-0.16747,-0.10387
77000,0.44066,-0.59234,0.22101,-0.2236,0.17437
77200,0.43054,0.55141,-0.27041,-0.11281,-0.45484
77400,0.5405,0.11948,-0.47972,0.012604,-1.131
77600,0.55295,-0.45428,0.014927,0.062242,-0.37227
77800,0.24607,1.1746,0.54809,0.15293,1.1937
78000,0.25298,-0.090248,0.25425,-0.02996,1.6161
78200,-0.16169,-0.67945,-0.21511,-0.27657,0.88732
78400,-0.1579,0.067269,-0.65028,-0.052214,0.32844
78600,-0.54941,0.52017,-0.22368,-0.091933,-0.38729
78800,-0.28295,-0.91137,0.072331,0.11527,0.63252
79000,-0.19826,0.053953,0.37184,0.20562,0.83537
79200,-0.066093,0.83001,0.30053,0.071858,-0.071754
79400,-0.05015,-0.096981,-0.04,-0.13406,-1.3518
79600,0.098186,-0.36019,-0.20894,-0.32922,-1.7972
79800,-0.086162,0.21223,-0.064638,-0.01564,-0.87544
80000,-0.36683,-0.27101,0.010633,0.34764,1.0309
80200,-0.30813,-0.20503,-0.12276,-0.052687,1.6438
80400,-0.32931,-0.47238,-0.11053,-0.21433,-1.0169
80600,-0.31978,0.75868,0.0071014,-0.061437,-1.669
80800,-0.041184,0.29998,0.12384,-0.18309,-0.18502
81000,-0.002654,0.25871,0.25897,0.042535,0.99501
81200,0.17608,0.59065,0.0060051,0.06434,1.1327
81400,0.24992,-0.53548,-0.055399,0.24387,-0.048097
81600,0.31149,-0.13278,0.023572,-0.082912,-0.97686
81800,0.47871,-0.26125,0.066505,-0.18596,-1.1269
82000,0.6723,0.017755,0.22768,0.37076,-1.0814
82200,0.45177,0.18845,0.34235,0.24586,0.6452
82400,0.42342,0.63786,-0.085278,-0.37204,0.18009
82600,0.44999,0.23367,-0.47932,-0.595,0.23223
82800,0.33729,-0.25614,-0.22536,0.044515,0.14391
83000,0.49092,-0.18277,0.15408,0.71829,0.82678
83200,0.41621,0.18999,0.55005,0.014568,1.1099
83400,0.0086661,0.20587,0.23799,-0.4217,0.56364
83600,0.24624,-0.32792,-0.6367,-0.19949,-0.040139
83800,0.12219,-0.63889,-0.45169,0.15219,0.10441
84000,0.012507,-0.60348,0.19014,-0.064255,-0.081525
84200,-0.13719,-0.46433,0.44045,-0.21023,0.17615
84400,-0.15231,0.11965,0.012159,-0.095108,0.5783
84600,0.40916,0.047344,-0.42524,0.23375,2.3279
84800,0.43663,0.3514,0.16808,0.3148,3.2387
85000,0.45643,0.70897,0.5441,-0.10112,3.1126
85200,0.45303,0.54757,0.27323,-0.23826,0.78608
85400,0.75868,0.74377,-0.26314,0.16476,-1.659
85600,0.664,-0.28071,-0.090755,0.18455,-2.1442
85800,0.51219,-0.062134,0.18549,0.063246,-1.1594
86000,0.10996,0.17216,0.046136,-0.02084,1.3108
86200,0.1852,0.13998,-0.40042,0.10156,2.0425
86400,0.0093115,-0.2553,-0.23036,0.23734,1.2702
86600,0.21706,-0.09112,0.12219,0.046157,0.26306
86800,0.28624,-0.3235,0.54761,-0.39507,-0.37669
87000,0.11596,0.4036,0.35037,-0.29954,-0.21768
87200,0.218,0.055359,-0.40052,0.049127,-0.50666
87400,0.64746,-0.18088,-0.53113,0.11187,-0.52537
87600,0.032896,0.339,0.36489,-0.00035832,-0.75703
87800,-0.097115,0.091466,0.23719,0.25716,-0.2633
88000,0.16783,-0.36721,-0.26112,0.40078,0.93284
88200,0.15201,0.2316,-0.13948,0.015521,0.81031
88400,-0.38746,0.54202,0.073618,-0.029066,0.1421
88600,-0.29098,0.35937,-0.27723,0.077378,-1.769
88800,-0.28593,-0.52328,-0.13555,-0.078219,-0.75089
89000,-0.16284,-0.92572,0.077766,0.045158,0.01844
89200,-0.36052,-0.21252,0.21235,-0.21702,0.45645
89400,-0.33492,0.54998,-0.020323,-0.033837,0.89888
89600,-0.52619,-0.091554,-0.20413,0.43543,2.1188
89800,-0.78221,-0.18776,-0.25066,0.14465,1.386
90000,-0.42246,-0.107,-0.30655,-0.49034,0.48815
90200,-0.34247,-0.094873,0.22909,-0.31705,0.012835
90400,-0.21093,-0.26693,0.46217,0.12822,0.31098
90600,-0.1054,0.0050291,0.17509,0.084078,0.22677
90800,0.36142,0.17549,-0.21585,-0.31438,0.8509
91000,0.4863,0.55276,0.087111,-0.19293,-0.080729
91200,0.28732,0.62768,0.45726,0.0030471,-0.12588
91400,0.18624,-0.54103,0.14631,-0.22314,-0.14507
91600,0.004902,-0.76119,-0.27776,-0.099413,0.12794
91800,-0.37206,-0.21981,-0.49758,0.4941,1.1886
92000,-0.48239,1.3434,-0.32748,0.16133,1.8566
92200,-0.1325,0.66052,0.096212,-0.42699,0.68288
92400,-0.23474,-1.4118,0.65639,-0.38626,-0.74917
92600,-0.46724,-0.51469,0.23481,0.12921,-0.87052
92800,-0.39105,-0.1786,-0.67973,0.53148,0.013291
93000,-0.22339,-0.70914,-0.74083,0.091729,0.49295
93200,-0.36602,-0.15652,0.24033,-0.46119,1.2013
93400,-0.023097,-0.060838,0.69349,-0.49414,0.48467
93600,0.016492,-0.24844,0.41118,0.0025132,-0.96719
93800,-0.20432,-0.16904,-0.24204,0.37327,-0.76193
94000,0.068683,0.57238,-0.76164,0.10495,-1.016
94200,-0.13529,-0.40964,-0.10656,-0.046862,-0.20998
94400,-0.42699,-0.10094,0.4833,-0.13705,-0.45732
94600,-0.61654,0.088643,0.19217,-0.0077357,0.1709
94800,-0.4486,-0.95827,-0.4328,0.25547,0.41071
95000,-0.22078,-0.64868,-0.445,0.099023,0.43296
95200,0.21913,0.25829,0.16464,-0.3788,-0.23194
95400,0.30677,0.3292,0.89685,-0.21992,-0.088635
95600,0.22391,0.030735,0.57409,-0.12517,-0.8672
95800,-0.010218,-0.13088,-0.53353,-0.020727,0.42624
96000,0.29884,0.209,-1.0862,0.29635,-0.85341
96200,-0.00018579,-0.28743,0.010321,0.070158,-1.6048
96400,-0.27469,-0.48767,0.83727,-0.064017,-0.66929
96600,-0.1502,-0.17333,0.3258,-0.0011829,0.56729
96800,-0.34465,0.51995,-0.5129,-0.14102,0.50983
97000,-0.062314,0.42577,-0.80544,-0.07499,1.1585
97200,-0.011687,-0.38173,0.15083,0.28826,1.1738
97400,-0.17934,0.13912,0.84126,0.15105,0.80031
97600,-0.15593,-0.0099005,0.2256,0.066022,-0.0045313
97800,0.22373,-0.98567,-0.62198,0.16184,-0.8298
98000,-0.017726,-0.8672,-0.31578,-0.070806,-2.0475
98200,-0.022496,0.50204,0.13852,-0.12155,-0.77523
98400,-0.084437,-0.24679,0.33567,-0.12416,1.371
98600,-0.18008,-0.40016,0.034781,-0.18875,1.7506
98800,-0.33752,-0.5371,-0.36015,-0.027275,1.9744
99000,0.0078829,-0.48691,-0.45229,-0.10977,2.3419
99200,-0.01293,0.6913,0.20919,-0.055615,1.4476
99400,0.25429,0.010181,0.50478,0.10297,0.0017347
99600,0.37749,-0.16796,0.39881,0.17821,0.26272
99800,0.014763,-0.25058,-0.018547,0.028191,0.21795
1e+05,-0.037008,-0.64641,-0.53668,-0.37177,-0.42353
1.002e+05,-0.0016517,-0.0070482,-0.40637,-0.32347,-2.399
1.004e+05,0.14289,0.1396,0.31756,0.3499,-2.6171
1.006e+05,0.27399,-0.54992,0.68385,0.45553,-1.0632
1.008e+05,-0.084616,0.093878,0.32288,-0.28975,-0.21535
1.01e+05,-0.31027,0.59936,-0.68198,-0.44454,0.3705
1.012e+05,-0.41654,0.8144,-0.97428,0.025396,-0.22613
1.014e+05,-0.31994,-0.073874,-0.2586,0.3407,-0.79002
1.016e+05,-0.31806,-1.1862,0.72652,0.071914,-1.0287
1.018e+05,-0.49916,-0.80673,0.75094,-0.45368,-0.67128
1.02e+05,-0.66137,0.52362,-0.31897,-0.22472,-1.0271
1.022e+05,-0.47649,0.77069,-1.0969,0.27557,-0.40433
1.024e+05,0.0016364,0.076126,-0.3099,0.34051,0.36294
1.026e+05,0.14272,-0.33193,1.1543,-0.085496,-0.29051
1.028e+05,0.28847,-0.35413,1.1201,-0.13884,-0.3782
1.03e+05,-0.028971,-0.15288,-0.12725,0.067035,-0.57407
1.032e+05,-0.037734,-0.31497,-1.345,0.062939,-0.3577
1.034e+05,-0.15191,-0.029816,-0.7759,0.18182,-0.2228
1.036e+05,-0.073107,0.60609,0.48041,-0.011192,-0.41459
1.038e+05,-0.15828,-0.26329,1.11,-0.47583,-0.62602
1.04e+05,0.092459,-0.38221,0.24282,0.10367,-0.12026
1.042e+05,-0.14008,-0.16168,-0.63673,0.24179,0.86547
1.044e+05,-0.055717,0.2406,-0.88408,0.15338,0.28369
1.046e+05,0.026663,1.317,0.026187,-0.28053,0.66477
1.048e+05,0.039769,0.028502,0.92178,-0.053,1.3678
1.05e+05,0.039655,-1.2211,0.61225,0.068162,1.0849
1.052e+05,-0.20156,-0.59259,-0.4256,0.22785,0.28398
1.054e+05,-0.1341,-0.13013,-1.1007,0.050545,-0.37011
1.056e+05,-0.24646,-0.25524,-0.40509,-0.21372,-1.1392
1.058e+05,-0.072001,-0.18637,0.62783,-0.29663,-2.1869
1.06e+05,0.12879,-0.21127,0.87528,-0.10999,-2.1761
1.062e+05,0.24247,0.22079,0.12071,0.20866,-0.97471
1.064e+05,-0.0048012,0.65952,-0.57902,0.1616,-0.67563
1.066e+05,0.15888,0.16927,-0.8554,-0.01922,-0.031469
1.068e+05,0.15774,-0.0075478,0.047589,0.088434,0.42876
1.07e+05,-0.18073,0.28845,0.89176,-0.012796,0.73564
1.072e+05,0.026848,-0.38598,0.33239,-0.010262,0.31924
1.074e+05,0.060275,-1.124,-0.40495,0.028513,-0.76777
1.076e+05,0.084075,-0.3107,-0.57964,0.15488,-0.58611
1.078e+05,-0.060929,0.90328,0.0071838,0.1194,0.061858
1.08e+05,-0.095304,0.77819,0.37269,-0.090312,-0.043877
1.082e+05,-0.25229,-0.29681,0.26914,-0.096348,-0.75535
1.084e+05,-0.34878,-0.73495,-0.38376,-0.06444,-1.571
1.086e+05,-0.27275,-0.15514,-0.62293,-0.075959,-0.53267
1.088e+05,-0.20978,0.43436,-0.09254,-0.17031,0.016744
1.09e+05,-0.41971,0.13645,0.54466,-0.10102,1.139
1.092e+05,-0.18281,-0.13352,0.2546,-0.021019,0.39001
1.094e+05,0.13727,0.2997,-0.12836,0.19003,-1.2314
1.096e+05,-0.15859,0.47861,-0.012846,0.17922,-1.312
1.098e+05,0.0946,0.46461,-0.11406,0.088906,-0.23364
1.1e+05,0.44598,0.30983,0.1714,-0.076972,0.93308
1.102e+05,-0.38542,0.12365,0.4849,-0.10847,1.0057
1.104e+05,-0.5009,-0.58255,-0.4205,-0.30157,1.0232
1.106e+05,-0.57182,-0.038016,-0.89207,-0.074359,-0.066131
1.108e+05,-0.26337,-0.19286,-0.32259,0.45369,-1.7719
1.11e+05,-0.10976,0.20782,0.84085,0.13392,-1.5688
1.112e+05,0.17034,0.16051,0.91223,-0.041701,-2.2501
1.114e+05,0.25777,0.21697,0.16415,-0.0040296,-1.9449
1.116e+05,0.1265,0.045779,-0.69693,-0.16333,1.3589
1.118e+05,0.029347,-0.10039,-0.71034,-0.1426,3.0035
1.12e+05,-0.26141,0.09468,0.062167,0.19451,2.7802
1.122e+05,-0.35987,0.023105,0.43401,0.16323,0.65543
1.124e+05,-0.16084,-0.30435,0.17612,-0.041758,-0.97447
1.126e+05,0.13261,-0.2844,-0.11961,-0.022351,-2.5261
1.128e+05,-0.044091,0.41213,0.032433,0.19,-0.47706
1.13e+05,0.014806,-0.36665,-0.0051082,0.035677,-0.45153
1.132e+05,-0.024735,-0.49559,0.018882,-0.19204,-0.97152
1.134e+05,0.11606,0.057339,0.058014,-0.036311,-0.52096
1.136e+05,0.019279,-0.18566,0.11465,-0.039489,0.083079
1.138e+05,-0.31143,-0.34592,0.016694,-0.088355,1.0909
1.14e+05,-0.1251,0.27895,-0.36439,-0.0085259,1.6069
1.142e+05,-0.034456,0.39194,-0.1191,0.097556,1.4789
1.144e+05,0.23192,-0.13439,0.31543,0.1499,1.3831
1.146e+05,0.14443,-0.065684,0.59026,-0.020637,1.2504
1.148e+05,0.076806,-0.11987,0.0043765,-0.23332,1.8773
1.15e+05,0.038741,0.49299,-0.4898,0.015722,1.2472
1.152e+05,-0.19201,-0.44939,-0.39805,0.22553,-0.71945
1.154e+05,-0.24749,-0.44321,-0.084731,0.088304,-0.73693
1.156e+05,0.026585,-0.77037,0.21055,-0.38431,-0.77519
1.158e+05,-0.0032509,0.77335,0.45498,-0.16225,-0.51431
1.16e+05,0.11795,1.2344,0.087901,0.20478,-0.38116
1.162e+05,0.16706,0.36776,-0.28339,0.10454,0.34283
1.164e+05,0.12745,0.18034,-0.34425,-0.25364,1.391
1.166e+05,-0.16248,0.019797,-0.063615,-0.25166,0.648
1.168e+05,0.18912,0.26166,0.08164,-0.080002,-0.32782
1.17e+05,0.57211,0.23491,0.40028,0.40712,1.3861
1.172e+05,0.51661,0.28525,0.56037,0.04715,2.1868
1.174e+05,0.27373,-0.16236,-0.0040538,-0.085957,1.846
1.176e+05,0.24432,-0.65922,-0.63017,-0.045249,1.3595
1.178e+05,0.47257,-0.14491,-0.34082,0.042398,0.85558
1.18e+05,-0.18656,1.0126,0.59815,0.21911,0.4847
1.182e+05,0.16158,0.10663,0.31379,0.061422,-0.55797
1.184e+05,0.026024,-0.55848,0.0098108,-0.2216,0.085775
1.186e+05,0.2986,0.54999,-0.36138,-0.10994,-0.27475
1.188e+05,0.12494,0.99135,0.0178,0.077739,0.042485
1.19e+05,0.18297,-0.13104,0.26088,0.16227,-0.13917
1.192e+05,0.081661,-0.43446,0.26212,0.0024789,0.20297
1.194e+05,0.37203,-0.36971,-0.132,-0.20346,0.45869
1.196e+05,0.41933,0.62837,-0.079547,-0.28787,1.113
1.198e+05,0.15419,1.203,0.20027,0.016532,-0.0033839
1.2e+05,-0.14106,-0.26971,-0.00060411,0.24538,0.34083
1.202e+05,-0.092935,-0.58336,-0.43379,-0.014947,-0.57008
1.204e+05,0.19804,-0.32069,-0.28616,-0.32294,-1.7325
1.206e+05,0.24881,0.39306,0.48913,-0.019928,-1.4762
1.208e+05,0.19895,0.94833,0.63168,0.32513,-1.3785
1.21e+05,0.16469,0.60592,-0.010788,0.21822,-1.1542
1.212e+05,0.26249,-0.7812,-0.56611,-0.046223,-0.43204
1.214e+05,0.0093775,-0.1117,-0.30599,-0.38802,-0.2637
1.216e+05,-0.28458,0.37762,0.10147,-0.18843,-0.39415
1.218e+05,-0.50403,0.40219,0.091564,0.36664,0.17268
1.22e+05,-0.54432,-0.11849,-0.15715,0.17122,1.9332
1.222e+05,-0.22865,-0.57462,-0.31327,-0.55935,1.8278
1.224e+05,0.046624,-0.45017,0.12714,-0.36284,0.016523
1.226e+05,0.083903,0.59154,0.58464,0.27612,0.4092
1.228e+05,0.53736,0.1907,0.20977,0.48516,1.2321
1.23e+05,0.6293,0.11263,-0.041531,0.064221,1.2776
1.232e+05,0.32438,0.091817,-0.087372,-0.36811,0.06145
1.234e+05,0.089602,-0.46172,-0.15353,-0.2014,0.6433
1.236e+05,-0.0067349,-1.0855,-0.23712,0.20475,0.29363
1.238e+05,-0.25604,0.11445,-0.11803,0.14023,0.55748
1.24e+05,-0.34755,0.74293,-0.09978,-0.010371,-0.74903
1.242e+05,-0.22981,0.11623,-0.11089,0.026774,-1.3093
1.244e+05,-0.012577,0.10321,0.029874,0.010601,-0.69989
1.246e+05,0.26524,-0.40347,0.24315,-0.24134,-1.9366
1.248e+05,0.098657,-0.068979,0.47371,-0.1805,-2.1279
1.25e+05,-0.020089,0.75946,-0.024804,0.09678,-1.4151
1.252e+05,-0.12501,0.4466,-0.5136,0.17372,-0.37966
1.254e+05,0.18104,-0.30454,-0.43861,-0.10808,-0.13503
1.256e+05,-0.085698,0.47884,0.39149,-0.12827,-0.32316
1.258e+05,-0.11952,0.16031,0.47575,-0.33676,0.07057
1.26e+05,0.25476,-0.87564,-0.12127,-0.058278,0.30576
1.262e+05,0.2928,-0.29115,-0.2083,0.34526,-0.22987
1.264e+05,0.25105,0.2219,0.12135,0.071459,0.87692
1.266e+05,-0.053083,0.53702,0.32247,-0.24667,2.2149
1.268e+05,-0.29596,0.38492,-0.13066,-0.13193,1.7207
1.27e+05,-0.17333,-0.59451,-0.55155,0.14025,1.1901
1.272e+05,0.16745,0.15627,-0.24197,0.32618,1.0054
1.274e+05,0.32904,-0.19499,0.58885,0.21058,1.0068
1.276e+05,-0.27128,0.27279,0.79974,-0.29368,0.24716
1.278e+05,-0.25958,0.10216,-0.39934,-0.48286,0.22329
1.28e+05,-0.3038,0.47634,-1.0496,-0.24793,1.1496
1.282e+05,-0.10879,-0.26607,-0.3854,0.15168,1.3311
1.284e+05,-0.059359,0.24556,0.76808,0.062715,0.51439
1.286e+05,0.16213,0.23894,0.95389,0.045959,-0.5097
1.288e+05,-0.040027,0.44481,0.23884,-0.27799,-2.2219
1.29e+05,-0.13242,0.12549,-0.81652,-0.31454,-3.0837
1.292e+05,0.027618,-0.15382,-0.88172,0.17162,-2.2078
1.294e+05,0.35853,-0.086384,0.20531,-0.022843,-1.5943
1.296e+05,0.5168,-0.074862,1.2467,0.23253,-0.74253
1.298e+05,0.29265,0.50913,0.91749,0.066359,0.78249
1.3e+05,-0.26629,0.1362,-0.56021,-0.01315,0.66378
1.302e+05,-0.41051,-0.058105,-1.5819,0.059023,-0.33038
1.304e+05,-0.53275,-0.12909,-0.72942,0.021162,-0.87877
1.306e+05,0.052041,-0.75378,0.86314,-0.086267,0.50872
1.308e+05,0.32949,-0.030195,1.7143,-0.075178,-0.18099
1.31e+05,0.1585,0.53989,0.72697,-0.14306,0.47778
1.312e+05,0.36267,-0.41599,-1.1062,0.052934,1.2232
1.314e+05,0.26,-1.1566,-1.3043,0.087635,1.8357
1.316e+05,0.24658,0.14514,-0.0044988,0.040537,1.3905
1.318e+05,0.25211,0.80501,1.2156,0.12244,0.75073
1.32e+05,0.017377,0.27611,0.8721,0.13403,1.018
1.322e+05,-0.13687,-0.5598,-0.65619,-0.12404,0.84542
1.324e+05,-0.41856,-0.35932,-1.4427,-0.12029,0.36134
1.326e+05,-0.43441,-0.22645,-0.61021,0.07092,-0.92219
1.328e+05,-0.5561,-0.30136,0.90281,0.35365,-1.2639
1.33e+05,-0.41874,0.15627,1.0135,0.055423,-1.6905
1.332e+05,0.14393,-0.23124,-0.10822,-0.31474,-1.1789
1.334e+05,0.42126,-0.15192,-0.59277,-0.47811,-1.4917
1.336e+05,0.34193,0.12197,-0.085113,0.15328,-0.96983
1.338e+05,0.41863,0.56473,0.42451,0.33779,1.145
1.34e+05,0.49324,0.64989,0.465,-0.057466,0.48673
1.342e+05,0.54494,0.48428,-0.084225,-0.23603,0.80018
1.344e+05,0.072526,-0.60248,-0.36272,-0.06493,0.31744
1.346e+05,0.25747,-0.44569,-0.51536,0.2753,-0.71011
1.348e+05,0.10962,0.86207,0.1292,0.14291,-1.4827
1.35e+05,0.48448,0.21015,0.48309,0.017312,-1.064
1.352e+05,0.57712,0.16113,0.56502,-0.14529,0.092535
1.354e+05,0.3237,0.44619,0.069311,-0.014107,0.51596
1.356e+05,0.17207,0.31736,-0.5787,0.17382,-0.52164
1.358e+05,-0.048959,0.58005,-0.57902,0.20283,-0.43745
1.36e+05,-0.051589,-0.083269,-0.028837,-0.056545,-1.2661
1.362e+05,0.18673,-0.42535,0.49048,-0.11405,-1.3887
1.364e+05,0.55378,0.23537,0.58145,-0.045705,-0.27765
1.366e+05,0.37259,0.56836,0.33378,0.076012,0.12256
1.368e+05,0.28011,0.375,-0.38323,0.27884,-0.85997
1.37e+05,0.30189,-0.6097,-0.57893,0.19123,-1.2903
1.372e+05,-0.11087,0.68733,-0.069063,-0.26416,-0.70509
1.374e+05,0.094895,0.049586,0.12393,-0.2785,0.088441
1.376e+05,-0.27491,0.60353,0.31572,0.057229,0.90835
1.378e+05,-0.24797,-0.22666,-0.1351,0.26155,1.9871
1.38e+05,-0.57507,-0.27976,-0.35842,0.004562,0.51734
1.382e+05,-0.41996,-0.6967,-0.48976,0.1579,-1.4756
1.384e+05,-0.29538,-0.8143,0.11877,0.16264,-1.1655
1.386e+05,-0.42442,0.076028,0.54723,-0.19069,0.21973
1.388e+05,-0.034947,-0.29122,0.15732,-0.27632,0.58441
1.39e+05,-0.070631,0.28827,-0.12386,0.11146,0.5565
1.392e+05,0.28773,0.36947,-0.23268,0.39151,0.15354
1.394e+05,0.44379,0.14868,0.36866,0.025292,0.77782
1.396e+05,-0.28983,0.11479,0.59585,0.033737,2.3431
1.398e+05,-0.37351,-0.18404,-0.43303,0.15031,1.5421
1.4e+05,-0.39058,0.40364,-0.93465,-0.11281,0.98563
1.402e+05,-0.034208,0.31408,-0.31353,0.26606,0.14145
1.404e+05,-0.076928,0.38115,0.85167,0.20425,-1.3691
1.406e+05,-0.20773,0.10264,0.93269,0.15225,-0.76195
1.408e+05,-0.33499,-0.087553,-0.17384,-0.15614,1.2025
1.41e+05,-0.2189,-0.15478,-1.107,-0.22551,1.1354
1.412e+05,0.088935,0.094933,-0.61828,0.15788,1.2765
1.414e+05,0.17423,0.23577,0.82188,0.063449,1.2001
1.416e+05,-0.056271,0.20538,1.1362,0.031824,-0.34627
1.418e+05,-0.15481,-0.81846,-0.1232,-0.26749,-0.68093
1.42e+05,0.29694,-0.25364,-1.1385,0.033333,-1.1844
1.422e+05,0.86781,0.54313,-0.28512,0.33007,-1.3032
1.424e+05,0.76836,0.0019191,1.297,0.27677,-0.71067
1.426e+05,0.40849,0.52646,1.1017,-0.12188,0.46359
1.428e+05,-0.043128,0.681,-0.60762,-0.44097,0.14013
1.43e+05,0.056709,0.28009,-1.706,0.16445,-0.92097
1.432e+05,-0.10533,0.12866,-0.52926,0.51732,-1.4744
1.434e+05,0.026127,-0.03497,1.0415,-0.01664,-1.4817
1.436e+05,-0.0013754,-0.8304,1.3048,-0.694,-1.8384
1.438e+05,-0.11064,0.86211,-0.084989,-0.21349,-2.5426
1.44e+05,-0.21632,0.37741,-1.3164,0.21883,-1.8822
1.442e+05,-0.16761,-0.981,-0.96777,0.22854,-0.57459
1.444e+05,-0.023624,-0.90435,0.54431,-0.19349,-0.50207
1.446e+05,0.37345,-0.84603,1.3457,-0.30482,-0.65226
1.448e+05,0.25968,0.87511,0.81967,-0.15131,-0.38667
1.45e+05,0.05458,0.82827,-0.66917,0.23009,-0.86595
1.452e+05,0.11985,-0.2745,-1.3663,0.10532,-0.11469
1.454e+05,0.0056127,-0.26038,-0.27486,-0.036226,0.58323
1.456e+05,0.24354,0.28482,0.87408,0.12376,0.47123
1.458e+05,-0.1214,0.6579,1.0782,0.098471,-0.15372
1.46e+05,-0.31365,-0.77863,-0.31722,-0.099451,-1.248
1.462e+05,0.15054,-0.64821,-1.3946,-0.35821,-0.29945
1.464e+05,0.15677,0.17456,-0.47204,0.1307,1.0483
1.466e+05,0.38023,0.93292,1.0185,0.31463,1.3366
1.468e+05,0.18968,-0.092115,1.3736,0.11048,1.3182
1.47e+05,-0.096811,-0.2301,-0.16488,-0.34619,1.103
1.472e+05,-0.012993,0.11517,-1.5174,-0.067579,1.3259
1.474e+05,0.28145,-0.3558,-0.90015,0.27785,1.3315
1.476e+05,0.068207,-0.32643,0.95197,0.070361,0.15354
1.478e+05,0.0038136,-0.02983,1.3298,-0.13973,0.15432
1.48e+05,-0.183,-0.23274,0.0039007,0.1134,1.5368
1.482e+05,-0.17656,0.40702,-1.4026,-0.1157,2.3362
1.484e+05,-0.39898,0.57677,-0.95792,0.21938,1.6933
1.486e+05,-0.016557,-0.046484,0.40868,0.059738,1.1655
1.488e+05,-0.016421,0.96594,1.4401,-0.1749,-0.74142
1.49e+05,0.065252,-0.10284,0.68409,0.08606,-0.41755
1.492e+05,0.10312,-0.007831,-0.78756,0.26312,0.054519
1.494e+05,0.077894,-0.55382,-1.1239,-0.26008,0.45585
1.496e+05,0.28829,0.094794,-0.048874,-0.10751,-0.40535
1.498e+05,-0.043701,0.93083,1.1484,0.31524,0.8669
1.5e+05,-0.01096,0.35505,0.62904,0.33864,1.6317
1.502e+05,-0.1822,-0.60263,-0.5857,-0.13754,0.55661
1.504e+05,-0.010583,-0.68218,-1.0499,-0.23934,-0.30297
1.506e+05,0.12847,0.034041,-0.040679,-0.053585,0.48459
1.508e+05,0.12942,0.21434,1.0263,0.13705,0.0895
1.51e+05,0.11542,-0.045598,0.72496,0.25547,0.51607
1.512e+05,-0.11396,-0.11349,-0.41638,0.16506,0.95632
1.514e+05,-0.26931,-0.83044,-1.1295,-0.13559,1.9022
1.516e+05,-0.21393,-0.62272,-0.54117,-0.36147,1.2314
1.518e+05,-0.21995,0.8341,0.59709,0.17651,0.036582
1.52e+05,0.14925,0.22931,0.85178,0.068284,-1.1221
1.522e+05,0.23711,-0.086328,0.30292,-0.14746,-0.39276
1.524e+05,0.034657,0.45925,-0.48041,-0.095238,0.76261
1.526e+05,-0.20559,0.039065,-0.70172,-0.040325,0.13337
1.528e+05,-0.075449,0.089508,-0.31709,0.37705,-1.1154
1.53e+05,0.15733,-0.60931,0.53105,0.30198,-1.4272
1.532e+05,0.0010389,-0.065759,0.89765,-0.3381,-1.983
1.534e+05,0.082865,0.64457,0.060903,-0.29361,-1.5676
1.536e+05,-0.076966,0.56276,-0.82263,-0.080625,-0.77455
1.538e+05,-0.012138,-0.56501,-0.73759,0.23058,-0.11868
1.54e+05,-0.033118,-0.13757,0.25892,0.035992,1.1541
1.542e+05,-0.012466,0.60496,0.8243,-0.21918,2.157
1.544e+05,0.055423,0.011098,0.36277,0.072095,1.4547
1.546e+05,0.10354,-0.063701,-0.38242,0.35058,0.36923
1.548e+05,-0.19348,0.33793,-0.55819,0.061742,-1.3013
1.55e+05,-0.032761,0.32334,-0.25076,-0.33115,-0.67538
1.552e+05,0.069981,0.013798,0.48321,-0.25018,0.17961
1.554e+05,0.57515,0.35651,0.63322,-0.12604,0.87418
1.556e+05,0.48628,0.50309,0.42292,0.31122,-0.053875
1.558e+05,0.42872,-0.12376,-0.35068,0.084568,-0.41783
1.56e+05,0.58279,-0.6467,-0.49945,-0.29402,-0.7641
1.562e+05,0.48593,-0.085746,0.10028,0.061563,0.39947
1.564e+05,0.49364,-0.043359,0.53069,0.084021,1.0981
1.566e+05,0.41878,-0.26238,0.4041,0.20063,0.3923
1.568e+05,-0.042032,-0.33509,-0.1527,0.11845,-0.10305
1.57e+05,0.0090147,0.75047,-0.86012,0.014326,-0.28762
1.572e+05,-0.06971,0.92861,-0.37506,0.068683,-1.1307
1.574e+05,-0.27448,-0.7329,0.4181,0.50483,-1.2663
1.576e+05,-0.53788,-0.39918,0.57191,0.0067061,-0.55388
1.578e+05,-0.41934,-0.14337,-0.24687,-0.42759,-1.3104
1.58e+05,-0.16645,-0.17936,-0.65391,-0.0068874,-1.4803
1.582e+05,-0.17382,-0.77867,-0.092162,0.27918,-0.67471
1.584e+05,-0.15107,-0.08843,0.51865,0.14467,-1.4791
1.586e+05,-0.15544,0.098697,0.43532,-0.012141,-0.71643
1.588e+05,0.026863,0.41618,-0.16676,-0.008211,0.59445
1.59e+05,-0.21806,0.2942,-0.3413,-0.10526,-0.091825
1.592e+05,-0.029398,-0.24178,-0.27975,0.051932,0.29579
1.594e+05,-0.18641,0.16595,0.27003,0.31165,0.42694
1.596e+05,-0.22054,0.80982,0.30907,0.13176,0.28428
1.598e+05,-0.23365,0.18965,-0.077985,0.047239,-0.2472
1.6e+05,-0.27166,-0.921,-0.36789,-0.15282,-0.94069
1.602e+05,-0.074277,-0.89211,-0.22013,-0.1055,-0.31304
1.604e+05,-0.17956,0.44045,0.31861,-0.089908,0.23351
1.606e+05,-0.038165,0.079418,0.30694,-0.014744,0.95704
1.608e+05,0.023148,-0.67336,0.17311,-0.16124,2.1038
1.61e+05,-0.16537,0.36269,-0.072235,-0.12772,1.7756
1.612e+05,-0.2011,-0.10789,-0.42632,-0.013588,1.3945
1.614e+05,-0.18458,-0.57574,-0.33669,0.030817,1.012
1.616e+05,-0.0902,0.56743,0.12925,0.061981,-0.55233
1.618e+05,0.1273,0.15943,0.41636,-0.008024,-2.385
1.62e+05,0.44734,0.5449,0.3726,-0.088294,-1.7008
1.622e+05,0.28662,0.74552,0.22921,-0.20611,-0.16035
1.624e+05,0.70963,0.054303,-0.25132,0.062934,1.6959
1.626e+05,0.77872,0.39684,-0.0032491,0.19626,2.4128
1.628e+05,0.44099,0.717,0.28147,0.042686,2.103
1.63e+05,0.28037,-0.065198,0.066139,-0.32732,0.37334
1.632e+05,0.28133,0.12024,-0.22084,-0.21283,-0.042352
1.634e+05,0.2409,0.55912,-0.19671,0.15553,0.28095
1.636e+05,0.24405,0.25168,-0.053165,0.20268,-0.20456
1.638e+05,-0.16607,-0.49623,0.075577,-0.1336,0.2087
1.64e+05,-0.05017,-0.47284,-0.16462,-0.2266,-0.49805
1.642e+05,-0.19595,-0.32759,-0.089613,-0.29095,-0.157
1.644e+05,0.26975,0.27562,-0.034053,-0.046155,2.0636
1.646e+05,0.26634,1.1816,0.43853,-0.036766,2.2887
1.648e+05,-0.1556,1.0292,0.4135,0.23332,2.5294
1.65e+05,-0.031559,-0.16369,-0.39751,0.35428,1.7979
1.652e+05,-0.090487,-0.43481,-0.57783,-0.12458,0.029704
1.654e+05,0.039875,0.042425,0.00092473,-0.51899,-2.2425
1.656e+05,0.2068,1.1032,0.51553,-0.31138,-1.962
1.658e+05,-0.088914,0.22598,0.53218,0.0025861,-1.0799
1.66e+05,-0.32301,-0.56533,-0.31826,0.59562,0.014372
1.662e+05,-0.2507,-0.38262,-0.89445,-0.070685,-0.55107
1.664e+05,0.091297,0.70348,-0.31858,-0.4958,-1.054
1.666e+05,0.31406,0.7969,0.80278,0.11843,-1.2605
1.668e+05,0.1978,0.18374,1.071,0.58769,-0.87357
1.67e+05,-0.001987,-0.50889,-0.046885,0.23816,-1.4574
1.672e+05,0.13403,-0.013151,-1.1967,-0.46898,-2.8731
1.674e+05,0.17202,-0.097218,-0.72082,-0.53662,-2.9971
1.676e+05,0.01251,-0.56727,0.69312,-0.017337,-2.6963
1.678e+05,-0.30222,-0.016633,1.0401,0.73523,-1.3021
1.68e+05,-0.18381,0.877,-0.12351,0.48303,1.1442
1.682e+05,-0.64386,-0.024043,-0.99114,-0.47349,2.1948
1.684e+05,-0.212,-0.74658,-0.94887,-0.66138,0.13995
1.686e+05,0.1161,-0.83109,0.51118,-0.058768,-2.1982
1.688e+05,0.10692,-0.35169,1.4515,0.41279,-2.5894
1.69e+05,0.029347,0.4596,0.54737,-0.17349,-1.4882
1.692e+05,0.043757,0.43962,-0.88744,-0.24746,-0.92627
1.694e+05,-0.036197,-0.10193,-1.0601,0.2086,-0.91298
1.696e+05,0.045441,-0.87245,-0.049502,0.60426,-0.26251
1.698e+05,0.019416,0.17384,0.9896,0.029862,-0.13188
1.7e+05,0.013538,0.046185,0.7372,-0.37014,0.95236
1.702e+05,0.26534,-1.0674,-0.43069,-0.29474,1.5731
1.704e+05,0.36042,0.052007,-0.78811,0.088695,1.4254
1.706e+05,0.24272,0.26287,-0.084316,0.30299,1.5241
1.708e+05,0.3327,-0.85616,0.60863,0.20592,0.31619
1.71e+05,0.084153,0.23091,0.63626,-0.11341,-0.63004
1.712e+05,-0.14599,0.40791,-0.34482,-0.27672,-0.70075
1.714e+05,-0.35456,-0.19202,-1.0319,-0.056895,-0.96582
1.716e+05,0.033328,-0.81709,-0.72105,0.15643,-0.70892
1.718e+05,0.15661,0.56826,0.72097,0.11352,-1.1546
1.72e+05,0.51953,0.13213,1.2115,-0.036121,-0.18987
1.722e+05,0.2867,-0.48378,0.49624,-0.053593,0.15295
1.724e+05,-0.092118,-0.18867,-0.9322,-0.15954,0.31757
1.726e+05,-0.16964,0.17838,-1.4028,0.066313,-0.050444
1.728e+05,-0.30215,-0.70558,-0.25803,0.21929,0.31453
1.73e+05,-0.24648,-0.52684,0.9795,0.23487,-0.40548
1.732e+05,-0.13273,0.37247,0.90813,-0.34398,-0.13135
1.734e+05,-0.11906,0.24147,-0.17974,-0.14288,0.38372
1.736e+05,-0.14072,-0.17225,-0.91799,0.046989,1.1653
1.738e+05,-0.025222,-0.094441,-0.50403,0.32556,1.8019
1.74e+05,-0.018209,0.051205,0.56942,0.029291,1.5683
1.742e+05,-0.55473,0.089248,0.78549,-0.22074,-0.4965
1.744e+05,-0.19676,-0.0059554,-0.3751,-0.32748,-3.0137
1.746e+05,-0.37447,-0.51412,-0.62709,-0.30666,-2.6487
1.748e+05,-0.56155,-0.21831,-0.26367,0.37019,-0.36952
1.75e+05,-0.3232,0.3106,0.19796,0.40827,1.0377
1.752e+05,-0.30763,-0.2274,0.48302,-0.13746,0.65534
1.754e+05,-0.2186,-0.22312,0.15757,-0.35563,-0.49135
1.756e+05,-0.1576,0.43933,-0.31995,-0.052713,-1.5531
1.758e+05,0.12989,0.95033,-0.34569,0.2377,-1.4463
1.76e+05,0.3999,0.39865,0.23766,-0.20297,-2.057
1.762e+05,0.53561,0.29273,0.6825,-0.14177,-1.5175
1.764e+05,0.42634,-1.3283,0.40428,-0.016939,-0.88322
1.766e+05,0.1051,0.35343,-0.3855,0.23251,-0.20549
1.768e+05,0.078538,0.4486,-0.77697,-0.025296,0.74171
1.77e+05,0.60981,-0.29331,-0.21338,-0.35482,0.93907
1.772e+05,0.31295,0.65111,0.96858,-0.32854,0.5733
1.774e+05,-0.1482,0.61611,0.69215,-0.071485,-0.39024
1.776e+05,-0.31592,-0.78037,-0.74318,0.4565,-0.23209
1.778e+05,-0.28678,-0.345,-1.3564,0.17308,0.097963
1.78e+05,-0.30706,0.149,-0.25483,-0.47942,-0.14685
1.782e+05,-0.61811,-0.64079,0.96741,-0.30389,0.35834
1.784e+05,-0.2695,-0.21016,0.63014,0.34655,-0.3433
1.786e+05,0.095253,-0.26434,-0.24421,0.63713,-0.38442
1.788e+05,0.54226,-0.10829,-0.42002,0.19501,-0.63501
1.79e+05,0.6337,-0.062763,0.3219,-0.34889,-1.1212
1.792e+05,0.58429,-0.046875,0.81822,0.0841,-1.2237
1.794e+05,0.13447,0.43491,0.29742,0.28123,0.28524
1.796e+05,-0.025716,0.14363,-0.80901,0.3697,0.41607
1.798e+05,-0.12998,-0.35486,-1.0224,-0.012591,0.7111
1.8e+05,-0.033951,-0.34665,-0.031119,-0.06489,0.15538
1.802e+05,-0.35843,0.21506,0.99308,0.045867,-0.97259
1.804e+05,-0.051153,-0.45412,0.43406,-0.03313,-2.114
1.806e+05,0.1206,-0.096911,-0.40018,-0.19345,-1.7366
1.808e+05,0.48577,0.018842,-0.62399,0.28978,-0.26252
1.81e+05,0.30148,0.035982,0.29906,0.43782,1.3395
1.812e+05,-0.15326,0.90201,0.70085,0.23105,1.6176
1.814e+05,0.10935,-0.039869,-0.11493,-0.28991,1.7207
1.816e+05,0.097349,-0.16495,-0.46827,-0.43512,1.7688
1.818e+05,0.15757,-0.034739,-0.17834,0.026653,2.6165
1.82e+05,0.11997,-0.1947,0.32234,0.20536,1.5622
1.822e+05,-0.1895,0.093541,0.37571,-0.20163,-0.40271
1.824e+05,-0.44807,-0.11772,-0.21811,0.02404,-0.90447
1.826e+05,-0.41558,-0.75347,-0.72883,0.36893,-0.84899
1.828e+05,-0.12838,0.20605,-0.32813,0.23094,-0.16523
1.83e+05,0.13756,1.0163,0.62227,0.077488,0.019686
1.832e+05,-0.34317,-0.18558,0.97356,-0.18255,0.67908
1.834e+05,-0.19005,-0.32535,-0.26688,-0.11012,0.64825
1.836e+05,-0.38614,0.048476,-0.9472,0.22021,0.62226
1.838e+05,-0.33162,-0.00046821,-0.59898,0.024904,0.69873
1.84e+05,-0.37375,0.050589,0.42815,-0.062502,-0.21605
1.842e+05,-0.26372,-0.76609,0.78351,-0.18026,-0.053917
1.844e+05,-0.048839,0.26256,0.20228,0.01064,0.56258
1.846e+05,-0.44194,0.48879,-0.42472,0.075033,-0.82986
1.848e+05,-0.20181,-0.011475,-0.81115,-0.058352,-1.4226
1.85e+05,0.2636,0.80634,0.048584,-0.094347,-1.126
1.852e+05,-0.24946,-0.61325,1.1331,-0.057854,-0.4823
1.854e+05,-0.24396,0.052786,0.39859,-0.005172,0.82033
1.856e+05,0.18446,-0.097002,-0.75107,-0.00526,1.1805
1.858e+05,0.10678,0.06041,-0.59434,0.083148,1.5106
1.86e+05,0.1673,0.18203,0.18793,-0.1534,1.6275
1.862e+05,0.0070252,-0.55442,0.72638,0.18619,0.83419
1.864e+05,-0.11344,-0.1252,0.24605,0.20371,0.25375
1.866e+05,-0.2552,0.394,-0.63788,-0.098833,-0.7946
1.868e+05,-0.19256,0.044882,-0.8246,-0.153,-0.23967
1.87e+05,0.21709,-0.62602,0.0027553,-0.0061119,1.4682
1.872e+05,0.19479,-0.61609,1.0749,0.14278,3.1549
1.874e+05,0.12755,0.55794,0.73011,-0.10977,2.4006
1.876e+05,0.083042,0.33598,-0.53426,-0.41609,1.5388
1.878e+05,-0.20552,-0.48104,-1.0379,-0.083402,1.0094
1.88e+05,-0.34276,-0.59285,-0.46655,0.25297,-0.49603
1.882e+05,-0.28848,-0.3728,0.48252,0.10253,0.56575
1.884e+05,-0.36802,-0.079565,0.6917,-0.066459,0.8427
1.886e+05,-0.42541,0.35807,-0.1174,-0.38478,0.79301
1.888e+05,-0.15692,-0.24209,-0.83215,-0.41876,-1.1759
1.89e+05,0.1173,0.0078132,-0.26597,-0.01058,-1.4604
1.892e+05,0.21051,-0.20149,0.63619,0.049947,-1.0892
1.894e+05,-0.23626,0.20567,0.75454,-0.05233,-0.037807
1.896e+05,-0.29566,-0.0031645,-0.37221,0.12355,0.37546
1.898e+05,-0.28854,-0.5181,-1.1064,-0.25619,-0.42832
1.9e+05,-0.19029,-0.20539,-0.44682,-0.18252,-0.1216
1.902e+05,-0.0033046,-0.0064357,0.69662,0.030446,0.62249
1.904e+05,0.095566,0.17945,1.0453,0.1722,0.28294
1.906e+05,-0.086921,-0.33037,0.19716,0.097135,-0.61947
1.908e+05,-0.45578,0.43184,-0.9374,0.1706,-0.71999
1.91e+05,-0.32591,0.074722,-0.99338,0.016824,-1.3166
1.912e+05,0.18134,-0.64382,0.14341,-0.2352,-2.0247
1.914e+05,0.16269,-0.77486,1.3619,-0.11005,-2.6599
1.916e+05,0.017463,0.572,0.83023,-0.02181,-2.0446
1.918e+05,-0.2096,0.4207,-0.68014,0.27448,-0.25618
1.92e+05,-0.14009,0.12948,-1.395,0.078259,1.3847
1.922e+05,-0.29141,-0.16569,-0.28893,-0.15885,1.912
1.924e+05,-0.11589,0.21906,0.8947,0.10819,1.7107
1.926e+05,-0.13704,-0.47554,1.0459,0.20268,-0.14471
1.928e+05,0.25211,-0.80557,-0.10677,0.14446,-1.144
1.93e+05,-0.050038,0.065663,-0.73685,-0.31242,-2.3403
1.932e+05,0.15114,0.41874,-0.69561,-0.39256,-2.3897
1.934e+05,0.14434,-0.073261,0.27253,-0.068819,-2.2337
1.936e+05,-0.0584,-0.92031,0.86876,0.47625,-1.54
1.938e+05,-0.28438,0.22663,0.26023,0.31568,-0.18865
1.94e+05,0.38693,0.41663,-0.83009,-0.33929,1.5155
1.942e+05,0.30094,-0.051435,-0.28887,-0.12015,1.7751
1.944e+05,0.24419,-0.13887,0.47891,0.19968,1.609
1.946e+05,0.047951,0.37392,0.58799,-0.12093,0.91907
1.948e+05,0.13691,-0.0674,-0.12968,-0.15306,-0.017883
1.95e+05,0.10398,-0.40922,-0.5401,-0.066041,1.0074
1.952e+05,0.16497,-0.13255,-0.21239,0.033319,0.20582
1.954e+05,0.053969,-0.090497,0.38357,0.22403,-0.13107
1.956e+05,-0.040634,0.16942,0.3492,0.25375,0.32194
1.958e+05,0.2516,0.19165,-0.081129,-0.055734,0.39751
1.96e+05,0.45371,-0.35179,-0.16491,-0.25013,0.32241
1.962e+05,0.20372,0.038119,0.085328,-0.080272,-0.17861
1.964e+05,0.40326,0.79814,0.093843,0.34006,-0.22977
1.966e+05,0.12618,0.80741,0.23766,0.14133,-0.82363
1.968e+05,-0.31851,-0.048341,-0.071424,-0.18323,-1.0327
1.97e+05,-0.51807,0.13186,-0.6346,-0.21419,-1.3379
1.972e+05,-0.32065,-0.18882,-0.56835,0.23846,-0.99134
1.974e+05,-0.56167,-0.31825,0.35403,0.21654,-0.51156
1.976e+05,-0.31571,0.20697,0.50971,-0.094485,-0.9837
1.978e+05,-0.086766,0.20868,0.17373,-0.099785,-2.1371
1.98e+05,-0.0053907,0.51813,-0.26118,-0.052172,-2.0754
1.982e+05,0.082704,-0.4625,-0.27414,0.087075,-1.6757
1.984e+05,0.2275,0.47176,0.12504,0.12644,-0.6447
1.986e+05,0.0062037,0.50628,0.39303,0.1528,-0.87816
1.988e+05,-0.058862,0.21873,0.036748,0.20516,0.039074
1.99e+05,-0.33649,-0.041773,-0.45333,-0.2544,0.5165
1.992e+05,-0.41998,0.2032,-0.61047,-0.024317,0.85839
1.994e+05,-0.055597,-0.71339,-0.1975,0.17124,0.65593
1.996e+05,0.14719,0.23209,0.72044,-0.21528,1.3958
1.998e+05,-0.027244,-0.3689,0.8542,-0.29174,1.0441
