Time,x,y
0,0.038287,-0.033112
1,0.0246885,-0.0032935
2,0.01109,0.026525
3,0.0091578,0.01412725
4,0.0072256,0.0017295
5,0.0373598,0.01154925
6,0.067494,0.021369
7,0.040256,0.0380295
8,0.013018,0.05469
9,0.0135,0.02301645
10,0.013982,-0.0086571
11,0.043191,-0.01948255
12,0.0724,-0.030308
13,0.0566415,0.006445
14,0.040883,0.043198
15,0.0402855,0.02290035
16,0.039688,0.0026027
17,0.0498565,0.01459235
18,0.060025,0.026582
19,0.065265,0.007498
20,0.070505,-0.011586
21,0.059918,-0.015903
22,0.049331,-0.02022
23,0.064441,-0.0153785
24,0.079551,-0.010537
25,0.1055205,0.0241275
26,0.13149,0.058792
27,0.15088,0.03350005
28,0.17027,0.0082081
29,0.13774,0.01335855
30,0.10521,0.018509
31,0.127025,0.032856
32,0.14884,0.047203
33,0.17007,0.0565385
34,0.1913,0.065874
35,0.17084,0.0643225
36,0.15038,0.062771
37,0.144275,0.0441705
38,0.13817,0.02557
39,0.15636,0.01735845
40,0.17455,0.0091469
41,0.17518,0.03298295
42,0.17581,0.056819
43,0.158385,0.0256781
44,0.14096,-0.0054628
45,0.16527,0.0095056
46,0.18958,0.024474
47,0.172545,0.0432635
48,0.15551,0.062053
49,0.16405,0.0607305
50,0.17259,0.059408
51,0.1891,0.047073
52,0.20561,0.034738
53,0.222785,0.068924
54,0.23996,0.10311
55,0.238105,0.060829
56,0.23625,0.018548
57,0.22819,0.0501845
58,0.22013,0.081821
59,0.24256,0.053862
60,0.26499,0.025903
61,0.270545,0.0408085
62,0.2761,0.055714
63,0.254345,0.0765975
64,0.23259,0.097481
65,0.22646,0.0748685
66,0.22033,0.052256
67,0.25483,0.0390765
68,0.28933,0.025897
69,0.270335,0.0509355
70,0.25134,0.075974
71,0.27285,0.062828
72,0.29436,0.049682
73,0.263565,0.0435925
74,0.23277,0.037503
75,0.23019,0.066887
76,0.22761,0.096271
77,0.23042,0.0865875
78,0.23323,0.076904
79,0.25799,0.0627485
80,0.28275,0.048593
81,0.279585,0.045522
82,0.27642,0.042451
83,0.273985,0.0484735
84,0.27155,0.054496
85,0.292715,0.052158
86,0.31388,0.04982
87,0.301025,0.060276
88,0.28817,0.070732
89,0.302745,0.103076
90,0.31732,0.13542
91,0.330505,0.1155015
92,0.34369,0.095583
93,0.34021,0.0823645
94,0.33673,0.069146
95,0.299635,0.0796295
96,0.26254,0.090113
97,0.31075,0.1027065
98,0.35896,0.1153
99,0.35691,0.110235
100,0.35486,0.10517
101,0.34422,0.109245
102,0.33358,0.11332
103,0.303975,0.127025
104,0.27437,0.14073
105,0.324435,0.1176125
106,0.3745,0.094495
107,0.34663,0.1139125
108,0.31876,0.13333
109,0.321145,0.1047205
110,0.32353,0.076111
111,0.33071,0.0721865
112,0.33789,0.068262
113,0.34157,0.0833455
114,0.34525,0.098429
115,0.3672,0.1233045
116,0.38915,0.14818
117,0.385525,0.127205
118,0.3819,0.10623
119,0.364485,0.136985
120,0.34707,0.16774
121,0.36862,0.15038
122,0.39017,0.13302
123,0.367235,0.12067
124,0.3443,0.10832
125,0.328695,0.13881
126,0.31309,0.1693
127,0.327405,0.16883
128,0.34172,0.16836
129,0.34374,0.166975
130,0.34576,0.16559
131,0.35416,0.1369
132,0.36256,0.10821
133,0.365225,0.11065
134,0.36789,0.11309
135,0.380115,0.138815
136,0.39234,0.16454
137,0.37664,0.161615
138,0.36094,0.15869
139,0.390895,0.14925
140,0.42085,0.13981
141,0.388405,0.164575
142,0.35596,0.18934
143,0.38102,0.165765
144,0.40608,0.14219
145,0.415435,0.169135
146,0.42479,0.19608
147,0.409715,0.171865
148,0.39464,0.14765
149,0.411865,0.1493
150,0.42909,0.15095
151,0.3877,0.16522
152,0.34631,0.17949
153,0.372395,0.16146
154,0.39848,0.14343
155,0.371855,0.14769
156,0.34523,0.15195
157,0.35378,0.136935
158,0.36233,0.12192
159,0.376065,0.154205
160,0.3898,0.18649
161,0.3821,0.17783
162,0.3744,0.16917
163,0.39047,0.174345
164,0.40654,0.17952
165,0.396315,0.187995
166,0.38609,0.19647
167,0.406885,0.168595
168,0.42768,0.14072
169,0.42252,0.173595
170,0.41736,0.20647
171,0.400875,0.209815
172,0.38439,0.21316
173,0.37652,0.18353
174,0.36865,0.1539
175,0.36648,0.176595
176,0.36431,0.19929
177,0.37445,0.180975
178,0.38459,0.16266
179,0.40053,0.160325
180,0.41647,0.15799
181,0.42355,0.153875
182,0.43063,0.14976
183,0.40675,0.17545
184,0.38287,0.20114
185,0.38417,0.195735
186,0.38547,0.19033
187,0.395295,0.206
188,0.40512,0.22167
189,0.39456,0.194585
190,0.384,0.1675
191,0.40079,0.163945
192,0.41758,0.16039
193,0.41198,0.174145
194,0.40638,0.1879
195,0.424505,0.191125
196,0.44263,0.19435
197,0.422785,0.210835
198,0.40294,0.22732
199,0.42535,0.195595
200,0.44776,0.16387
201,0.42539,0.16091
202,0.40302,0.15795
203,0.398735,0.18776
204,0.39445,0.21757
205,0.43628,0.188655
206,0.47811,0.15974
207,0.460735,0.166095
208,0.44336,0.17245
209,0.43695,0.201375
210,0.43054,0.2303
211,0.415785,0.22236
212,0.40103,0.21442
213,0.42374,0.21677
214,0.44645,0.21912
215,0.42496,0.23342
216,0.40347,0.24772
217,0.410275,0.24798
218,0.41708,0.24824
219,0.41277,0.234655
220,0.40846,0.22107
221,0.41849,0.21081
222,0.42852,0.20055
223,0.429965,0.19371
224,0.43141,0.18687
225,0.461055,0.22622
226,0.4907,0.26557
227,0.489195,0.270755
228,0.48769,0.27594
229,0.483285,0.27556
230,0.47888,0.27518
231,0.443595,0.26096
232,0.40831,0.24674
233,0.426065,0.22037
234,0.44382,0.194
235,0.44314,0.19421
236,0.44246,0.19442
237,0.44374,0.20081
238,0.44502,0.2072
239,0.47353,0.200665
240,0.50204,0.19413
241,0.465685,0.2298
242,0.42933,0.26547
243,0.423305,0.237435
244,0.41728,0.2094
245,0.452285,0.23499
246,0.48729,0.26058
247,0.44995,0.26928
248,0.41261,0.27798
249,0.45878,0.267805
250,0.50495,0.25763
251,0.49744,0.24919
252,0.48993,0.24075
253,0.49828,0.263965
254,0.50663,0.28718
255,0.497275,0.26235
256,0.48792,0.23752
257,0.48043,0.239245
258,0.47294,0.24097
259,0.492355,0.265255
260,0.51177,0.28954
261,0.49081,0.276485
262,0.46985,0.26343
263,0.46688,0.252295
264,0.46391,0.24116
265,0.45212,0.26574
266,0.44033,0.29032
267,0.43782,0.262845
268,0.43531,0.23537
269,0.45049,0.27428
270,0.46567,0.31319
271,0.47691,0.27925
272,0.48815,0.24531
273,0.502315,0.239385
274,0.51648,0.23346
275,0.48415,0.23397
276,0.45182,0.23448
277,0.44641,0.270275
278,0.441,0.30607
279,0.44756,0.30948
280,0.45412,0.31289
281,0.44174,0.310035
282,0.42936,0.30718
283,0.456655,0.309075
284,0.48395,0.31097
285,0.471565,0.32212
286,0.45918,0.33327
287,0.484925,0.309535
288,0.51067,0.2858
289,0.487905,0.30283
290,0.46514,0.31986
291,0.488625,0.302645
292,0.51211,0.28543
293,0.47905,0.31249
294,0.44599,0.33955
295,0.474885,0.293435
296,0.50378,0.24732
297,0.507105,0.29732
298,0.51043,0.34732
299,0.489125,0.32777
300,0.46782,0.30822
301,0.476155,0.29804
302,0.48449,0.28786
303,0.45987,0.299415
304,0.43525,0.31097
305,0.44343,0.29909
306,0.45161,0.28721
307,0.469005,0.281175
308,0.4864,0.27514
309,0.482965,0.301455
310,0.47953,0.32777
311,0.49943,0.32972
312,0.51933,0.33167
313,0.50701,0.338085
314,0.49469,0.3445
315,0.48672,0.323315
316,0.47875,0.30213
317,0.48572,0.298205
318,0.49269,0.29428
319,0.46547,0.300035
320,0.43825,0.30579
321,0.436175,0.305975
322,0.4341,0.30616
323,0.469835,0.337105
324,0.50557,0.36805
325,0.484375,0.360485
326,0.46318,0.35292
327,0.450505,0.33053
328,0.43783,0.30814
329,0.480855,0.32504
330,0.52388,0.34194
331,0.48062,0.35094
332,0.43736,0.35994
333,0.43822,0.36495
334,0.43908,0.36996
335,0.464535,0.373755
336,0.48999,0.37755
337,0.483445,0.36324
338,0.4769,0.34893
339,0.456475,0.323575
340,0.43605,0.29822
341,0.43733,0.3067
342,0.43861,0.31518
343,0.448215,0.34875
344,0.45782,0.38232
345,0.45242,0.360565
346,0.44702,0.33881
347,0.472325,0.352165
348,0.49763,0.36552
349,0.490085,0.372635
350,0.48254,0.37975
351,0.46437,0.353975
352,0.4462,0.3282
353,0.46262,0.34453
354,0.47904,0.36086
355,0.502505,0.345625
356,0.52597,0.33039
357,0.50931,0.32026
358,0.49265,0.31013
359,0.501025,0.34912
360,0.5094,0.38811
361,0.52205,0.351875
362,0.5347,0.31564
363,0.515195,0.335205
364,0.49569,0.35477
365,0.49157,0.348745
366,0.48745,0.34272
367,0.489,0.34131
368,0.49055,0.3399
369,0.49441,0.363805
370,0.49827,0.38771
371,0.50629,0.40134
372,0.51431,0.41497
373,0.50625,0.37058
374,0.49819,0.32619
375,0.504405,0.36417
376,0.51062,0.40215
377,0.496365,0.40582
378,0.48211,0.40949
379,0.49279,0.4159
380,0.50347,0.42231
381,0.48009,0.42665
382,0.45671,0.43099
383,0.491805,0.38926
384,0.5269,0.34753
385,0.49577,0.36849
386,0.46464,0.38945
387,0.46998,0.405605
388,0.47532,0.42176
389,0.472765,0.413515
390,0.47021,0.40527
391,0.503535,0.42212
392,0.53686,0.43897
393,0.498185,0.43962
394,0.45951,0.44027
395,0.45488,0.44226
396,0.45025,0.44425
397,0.480145,0.40029
398,0.51004,0.35633
399,0.48024,0.375845
400,0.45044,0.39536
401,0.4557,0.39053
402,0.46096,0.3857
403,0.481435,0.377365
404,0.50191,0.36903
405,0.50713,0.37006
406,0.51235,0.37109
407,0.521475,0.40566
408,0.5306,0.44023
409,0.51629,0.427175
410,0.50198,0.41412
411,0.51505,0.4361
412,0.52812,0.45808
413,0.518875,0.46129
414,0.50963,0.4645
415,0.515165,0.43658
416,0.5207,0.40866
417,0.50836,0.40773
418,0.49602,0.4068
419,0.469485,0.400585
420,0.44295,0.39437
421,0.45273,0.406335
422,0.46251,0.4183
423,0.47459,0.41031
424,0.48667,0.40232
425,0.49272,0.41297
426,0.49877,0.42362
427,0.49018,0.423315
428,0.48159,0.42301
429,0.494745,0.41535
430,0.5079,0.40769
431,0.50491,0.4024
432,0.50192,0.39711
433,0.511015,0.41239
434,0.52011,0.42767
435,0.49059,0.433055
436,0.46107,0.43844
437,0.47756,0.430315
438,0.49405,0.42219
439,0.48809,0.441215
440,0.48213,0.46024
441,0.511915,0.44916
442,0.5417,0.43808
443,0.539705,0.438715
444,0.53771,0.43935
445,0.5356,0.45822
446,0.53349,0.47709
447,0.51109,0.47922
448,0.48869,0.48135
449,0.504145,0.479185
450,0.5196,0.47702
451,0.52755,0.47988
452,0.5355,0.48274
453,0.50875,0.469345
454,0.482,0.45595
455,0.4692,0.45965
456,0.4564,0.46335
457,0.47689,0.46813
458,0.49738,0.47291
459,0.488235,0.44728
460,0.47909,0.42165
461,0.50455,0.430035
462,0.53001,0.43842
463,0.4969,0.45793
464,0.46379,0.47744
465,0.464965,0.462905
466,0.46614,0.44837
467,0.48227,0.472475
468,0.4984,0.49658
469,0.47614,0.472595
470,0.45388,0.44861
471,0.46175,0.43823
472,0.46962,0.42785
473,0.489355,0.441705
474,0.50909,0.45556
475,0.482955,0.469555
476,0.45682,0.48355
477,0.48168,0.50519
478,0.50654,0.52683
479,0.5207,0.513835
480,0.53486,0.50084
481,0.51495,0.50328
482,0.49504,0.50572
483,0.48622,0.498785
484,0.4774,0.49185
485,0.49987,0.49157
486,0.52234,0.49129
487,0.531995,0.50941
488,0.54165,0.52753
489,0.52626,0.504405
490,0.51087,0.48128
491,0.502875,0.48553
492,0.49488,0.48978
493,0.49256,0.478295
494,0.49024,0.46681
495,0.477685,0.495265
496,0.46513,0.52372
497,0.478005,0.514195
498,0.49088,0.50467
499,0.46544,0.492205
500,0.44,0.47974
501,0.44438,0.49392
502,0.44876,0.5081
503,0.42754,0.47551
504,0.40632,0.44292
505,0.387805,0.43479
506,0.36929,0.42666
507,0.329325,0.453195
508,0.28936,0.47973
509,0.277285,0.479825
510,0.26521,0.47992
511,0.27549,0.47296
512,0.28577,0.466
513,0.26742,0.4795
514,0.24907,0.493
515,0.240855,0.4763
516,0.23264,0.4596
517,0.19511,0.45108
518,0.15758,0.44256
519,0.172725,0.42626
520,0.18787,0.40996
521,0.178675,0.39654
522,0.16948,0.38312
523,0.150675,0.41416
524,0.13187,0.4452
525,0.104575,0.413815
526,0.07728,0.38243
527,0.09597,0.385235
528,0.11466,0.38804
529,0.1058325,0.38399
530,0.097005,0.37994
531,0.061328,0.391325
532,0.025651,0.40271
533,0.026102,0.39942
534,0.026553,0.39613
535,0.002916,0.40547
536,-0.020721,0.41481
537,-0.032941,0.415885
538,-0.045161,0.41696
539,-0.02411835,0.409855
540,-0.0030757,0.40275
541,-0.04974135,0.408845
542,-0.096407,0.41494
543,-0.0993235,0.372495
544,-0.10224,0.33005
545,-0.072483,0.364555
546,-0.042726,0.39906
547,-0.071718,0.35179
548,-0.10071,0.30452
549,-0.109135,0.31129
550,-0.11756,0.31806
551,-0.107872,0.303475
552,-0.098184,0.28889
553,-0.149167,0.319025
554,-0.20015,0.34916
555,-0.16953,0.35782
556,-0.13891,0.36648
557,-0.146425,0.34686
558,-0.15394,0.32724
559,-0.1958,0.303395
560,-0.23766,0.27955
561,-0.247845,0.293895
562,-0.25803,0.30824
563,-0.241745,0.308505
564,-0.22546,0.30877
565,-0.256275,0.2868
566,-0.28709,0.26483
567,-0.297655,0.268625
568,-0.30822,0.27242
569,-0.30301,0.28901
570,-0.2978,0.3056
571,-0.30303,0.294445
572,-0.30826,0.28329
573,-0.330835,0.25976
574,-0.35341,0.23623
575,-0.33052,0.245135
576,-0.30763,0.25404
577,-0.321145,0.25185
578,-0.33466,0.24966
579,-0.31925,0.255665
580,-0.30384,0.26167
581,-0.34891,0.230805
582,-0.39398,0.19994
583,-0.364955,0.22485
584,-0.33593,0.24976
585,-0.35478,0.26449
586,-0.37363,0.27922
587,-0.37575,0.234955
588,-0.37787,0.19069
589,-0.40204,0.21895
590,-0.42621,0.24721
591,-0.427195,0.25613
592,-0.42818,0.26505
593,-0.452295,0.24397
594,-0.47641,0.22289
595,-0.443105,0.22543
596,-0.4098,0.22797
597,-0.4372,0.204125
598,-0.4646,0.18028
599,-0.4588,0.18509
600,-0.453,0.1899
601,-0.455245,0.16635
602,-0.45749,0.1428
603,-0.484765,0.15667
604,-0.51204,0.17054
605,-0.50168,0.166355
606,-0.49132,0.16217
607,-0.507425,0.155465
608,-0.52353,0.14876
609,-0.50712,0.172215
610,-0.49071,0.19567
611,-0.531565,0.17436
612,-0.57242,0.15305
613,-0.531115,0.167855
614,-0.48981,0.18266
615,-0.50521,0.17884
616,-0.52061,0.17502
617,-0.563515,0.14666
618,-0.60642,0.1183
619,-0.566725,0.1045655
620,-0.52703,0.090831
621,-0.53257,0.087162
622,-0.53811,0.083493
623,-0.550645,0.1096215
624,-0.56318,0.13575
625,-0.55794,0.12209
626,-0.5527,0.10843
627,-0.577715,0.12949
628,-0.60273,0.15055
629,-0.611405,0.123141
630,-0.62008,0.095732
631,-0.638395,0.079569
632,-0.65671,0.063406
633,-0.61481,0.079703
634,-0.57291,0.096
635,-0.583015,0.112855
636,-0.59312,0.12971
637,-0.64027,0.112903
638,-0.68742,0.096096
639,-0.657015,0.079781
640,-0.62661,0.063466
641,-0.631385,0.0536825
642,-0.63616,0.043899
643,-0.65176,0.070345
644,-0.66736,0.096791
645,-0.667515,0.0986505
646,-0.66767,0.10051
647,-0.67539,0.069105
648,-0.68311,0.0377
649,-0.683165,0.01921401
650,-0.68322,0.00072802
651,-0.70767,0.00344311
652,-0.73212,0.0061582
653,-0.715315,0.0228666
654,-0.69851,0.039575
655,-0.71754,0.01708175
656,-0.73657,-0.0054115
657,-0.742705,-0.00313333
658,-0.74884,-0.00085516
659,-0.72613,0.00465542
660,-0.70342,0.010166
661,-0.70354,0.00143185
662,-0.70366,-0.0073023
663,-0.70011,-0.01174265
664,-0.69656,-0.016183
665,-0.72342,-0.01209575
666,-0.75028,-0.0080085
667,-0.729525,-0.02220975
668,-0.70877,-0.036411
669,-0.71208,-0.049818
670,-0.71539,-0.063225
671,-0.728475,-0.03468985
672,-0.74156,-0.0061547
673,-0.724665,-0.03413735
674,-0.70777,-0.06212
675,-0.71594,-0.03292685
676,-0.72411,-0.0037337
677,-0.740795,-0.02643785
678,-0.75748,-0.049142
679,-0.74655,-0.0562015
680,-0.73562,-0.063261
681,-0.742705,-0.04533
682,-0.74979,-0.027399
683,-0.736545,-0.030382
684,-0.7233,-0.033365
685,-0.76862,-0.064985
686,-0.81394,-0.096605
687,-0.77855,-0.1024275
688,-0.74316,-0.10825
689,-0.76041,-0.108425
690,-0.77766,-0.1086
691,-0.80218,-0.0889295
692,-0.8267,-0.069259
693,-0.78628,-0.061535
694,-0.74586,-0.053811
695,-0.75443,-0.0734015
696,-0.763,-0.092992
697,-0.803895,-0.113206
698,-0.84479,-0.13342
699,-0.83597,-0.1089945
700,-0.82715,-0.084569
701,-0.822505,-0.0779325
702,-0.81786,-0.071296
703,-0.80889,-0.108723
704,-0.79992,-0.14615
705,-0.787165,-0.116527
706,-0.77441,-0.086904
707,-0.801425,-0.122862
708,-0.82844,-0.15882
709,-0.815405,-0.130575
710,-0.80237,-0.10233
711,-0.791145,-0.1042
712,-0.77992,-0.10607
713,-0.808405,-0.125865
714,-0.83689,-0.14566
715,-0.828575,-0.15096
716,-0.82026,-0.15626
717,-0.808595,-0.138635
718,-0.79693,-0.12101
719,-0.80004,-0.16525
720,-0.80315,-0.20949
721,-0.841175,-0.19027
722,-0.8792,-0.17105
723,-0.877855,-0.168485
724,-0.87651,-0.16592
725,-0.857015,-0.16328
726,-0.83752,-0.16064
727,-0.831305,-0.18882
728,-0.82509,-0.217
729,-0.85296,-0.230405
730,-0.88083,-0.24381
731,-0.876125,-0.240955
732,-0.87142,-0.2381
733,-0.87424,-0.209575
734,-0.87706,-0.18105
735,-0.87267,-0.174035
736,-0.86828,-0.16702
737,-0.88391,-0.19917
738,-0.89954,-0.23132
739,-0.87212,-0.20399
740,-0.8447,-0.17666
741,-0.878375,-0.21301
742,-0.91205,-0.24936
743,-0.873705,-0.26182
744,-0.83536,-0.27428
745,-0.87701,-0.2649
746,-0.91866,-0.25552
747,-0.88491,-0.24963
748,-0.85116,-0.24374
749,-0.848995,-0.24318
750,-0.84683,-0.24262
751,-0.867895,-0.25023
752,-0.88896,-0.25784
753,-0.882385,-0.27217
754,-0.87581,-0.2865
755,-0.889475,-0.297285
756,-0.90314,-0.30807
757,-0.884015,-0.311405
758,-0.86489,-0.31474
759,-0.87445,-0.31852
760,-0.88401,-0.3223
761,-0.883965,-0.29666
762,-0.88392,-0.27102
763,-0.87338,-0.286265
764,-0.86284,-0.30151
765,-0.883165,-0.32209
766,-0.90349,-0.34267
767,-0.8832,-0.31629
768,-0.86291,-0.28991
769,-0.88335,-0.318955
770,-0.90379,-0.348
771,-0.898285,-0.319815
772,-0.89278,-0.29163
773,-0.896755,-0.309115
774,-0.90073,-0.3266
775,-0.893675,-0.32788
776,-0.88662,-0.32916
777,-0.896265,-0.34919
778,-0.90591,-0.36922
779,-0.894915,-0.34338
780,-0.88392,-0.31754
781,-0.90169,-0.333445
782,-0.91946,-0.34935
783,-0.897035,-0.350125
784,-0.87461,-0.3509
785,-0.91671,-0.36135
786,-0.95881,-0.3718
787,-0.91401,-0.35984
788,-0.86921,-0.34788
789,-0.883575,-0.383285
790,-0.89794,-0.41869
791,-0.907185,-0.3956
792,-0.91643,-0.37251
793,-0.93798,-0.362155
794,-0.95953,-0.3518
795,-0.925545,-0.37546
796,-0.89156,-0.39912
797,-0.897915,-0.39193
798,-0.90427,-0.38474
799,-0.92039,-0.405195
800,-0.93651,-0.42565
801,-0.94443,-0.413455
802,-0.95235,-0.40126
803,-0.95097,-0.420685
804,-0.94959,-0.44011
805,-0.936925,-0.417075
806,-0.92426,-0.39404
807,-0.919545,-0.39721
808,-0.91483,-0.40038
809,-0.90676,-0.395485
810,-0.89869,-0.39059
811,-0.931985,-0.41908
812,-0.96528,-0.44757
813,-0.951115,-0.44994
814,-0.93695,-0.45231
815,-0.94165,-0.448165
816,-0.94635,-0.44402
817,-0.956225,-0.43488
818,-0.9661,-0.42574
819,-0.9408,-0.46931
820,-0.9155,-0.51288
821,-0.914365,-0.508075
822,-0.91323,-0.50327
823,-0.9341,-0.468455
824,-0.95497,-0.43364
825,-0.95892,-0.436425
826,-0.96287,-0.43921
827,-0.955275,-0.466955
828,-0.94768,-0.4947
829,-0.958335,-0.47981
830,-0.96899,-0.46492
831,-0.97554,-0.462015
832,-0.98209,-0.45911
833,-0.97074,-0.47492
834,-0.95939,-0.49073
835,-0.96539,-0.50875
836,-0.97139,-0.52677
837,-0.97401,-0.5281
838,-0.97663,-0.52943
839,-0.95714,-0.530775
840,-0.93765,-0.53212
841,-0.922405,-0.52313
842,-0.90716,-0.51414
843,-0.94616,-0.527815
844,-0.98516,-0.54149
845,-0.949455,-0.52008
846,-0.91375,-0.49867
847,-0.93124,-0.5316
848,-0.94873,-0.56453
849,-0.96793,-0.568315
850,-0.98713,-0.5721
851,-0.962025,-0.547255
852,-0.93692,-0.52241
853,-0.939975,-0.542935
854,-0.94303,-0.56346
855,-0.959425,-0.556265
856,-0.97582,-0.54907
857,-0.966745,-0.58329
858,-0.95767,-0.61751
859,-0.982885,-0.604095
860,-1.0081,-0.59068
861,-1.00865,-0.612605
862,-1.0092,-0.63453
863,-0.970755,-0.6081
864,-0.93231,-0.58167
865,-0.967205,-0.58265
866,-1.0021,-0.58363
867,-0.973435,-0.575865
868,-0.94477,-0.5681
869,-0.94082,-0.584045
870,-0.93687,-0.59999
871,-0.936395,-0.60149
872,-0.93592,-0.60299
873,-0.94037,-0.59781
874,-0.94482,-0.59263
875,-0.933305,-0.61492
876,-0.92179,-0.63721
877,-0.95455,-0.64068
878,-0.98731,-0.64415
879,-0.952745,-0.62977
880,-0.91818,-0.61539
881,-0.940565,-0.617455
882,-0.96295,-0.61952
883,-0.95818,-0.65424
884,-0.95341,-0.68896
885,-0.939255,-0.700195
886,-0.9251,-0.71143
887,-0.961435,-0.712875
888,-0.99777,-0.71432
889,-0.960225,-0.713015
890,-0.92268,-0.71171
891,-0.96349,-0.713285
892,-1.0043,-0.71486
893,-0.966085,-0.69514
894,-0.92787,-0.67542
895,-0.92735,-0.708235
896,-0.92683,-0.74105
897,-0.966215,-0.72191
898,-1.0056,-0.70277
899,-1.0119,-0.695465
900,-1.0182,-0.68816
901,-1.007755,-0.71934
902,-0.99731,-0.75052
903,-0.983675,-0.747455
904,-0.97004,-0.74439
905,-0.95883,-0.74474
906,-0.94762,-0.74509
907,-0.95644,-0.753905
908,-0.96526,-0.76272
909,-0.979885,-0.758175
910,-0.99451,-0.75363
911,-0.98888,-0.73276
912,-0.98325,-0.71189
913,-0.96301,-0.739965
914,-0.94277,-0.76804
915,-0.95383,-0.74724
916,-0.96489,-0.72644
917,-0.982795,-0.74058
918,-1.0007,-0.75472
919,-0.98882,-0.757625
920,-0.97694,-0.76053
921,-0.95846,-0.754735
922,-0.93998,-0.74894
923,-0.97589,-0.74979
924,-1.0118,-0.75064
925,-0.97972,-0.74728
926,-0.94764,-0.74392
927,-0.97977,-0.78505
928,-1.0119,-0.82618
929,-1.0163,-0.796385
930,-1.0207,-0.76659
931,-1.0242,-0.799825
932,-1.0277,-0.83306
933,-1.02895,-0.84408
934,-1.0302,-0.8551
935,-0.98252,-0.85318
936,-0.93484,-0.85126
937,-0.93899,-0.853945
938,-0.94314,-0.85663
939,-0.98522,-0.8599
940,-1.0273,-0.86317
941,-0.99647,-0.82582
942,-0.96564,-0.78847
943,-0.95049,-0.824575
944,-0.93534,-0.86068
945,-0.97332,-0.830205
946,-1.0113,-0.79973
947,-1.0183,-0.817955
948,-1.0253,-0.83618
949,-1.0117,-0.827465
950,-0.9981,-0.81875
951,-0.979545,-0.84702
952,-0.96099,-0.87529
953,-0.967695,-0.884835
954,-0.9744,-0.89438
955,-0.982095,-0.899825
956,-0.98979,-0.90527
957,-0.966865,-0.890355
958,-0.94394,-0.87544
959,-0.98957,-0.892965
960,-1.0352,-0.91049
961,-1.009995,-0.910955
962,-0.98479,-0.91142
963,-1.003195,-0.928935
964,-1.0216,-0.94645
965,-1.003745,-0.92085
966,-0.98589,-0.89525
967,-0.98285,-0.879495
968,-0.97981,-0.86374
969,-0.976245,-0.87238
970,-0.97268,-0.88102
971,-0.99459,-0.926115
972,-1.0165,-0.97121
973,-1.00995,-0.942905
974,-1.0034,-0.9146
975,-1.00415,-0.931335
976,-1.0049,-0.94807
977,-0.99065,-0.96333
978,-0.9764,-0.97859
979,-0.97771,-0.960255
980,-0.97902,-0.94192
981,-0.9743,-0.95114
982,-0.96958,-0.96036
983,-0.99579,-0.958325
984,-1.022,-0.95629
985,-0.997805,-0.94084
986,-0.97361,-0.92539
987,-0.9679,-0.965245
988,-0.96219,-1.0051
989,-0.98094,-0.993815
990,-0.99969,-0.98253
991,-0.99977,-1.004315
992,-0.99985,-1.0261
993,-0.985165,-1.013
994,-0.97048,-0.9999
995,-0.99329,-0.98583
996,-1.0161,-0.97176
997,-0.98065,-1.00613
998,-0.9452,-1.0405
999,-0.9908,-1.01089
1000,-1.0364,-0.98128
1001,-1.012675,-0.99884
1002,-0.98895,-1.0164
1003,-1.007625,-1.00027
1004,-1.0263,-0.98414
1005,-1.00797,-1.00547
1006,-0.98964,-1.0268
1007,-0.98451,-1.01158
1008,-0.97938,-0.99636
1009,-0.943485,-1.01653
1010,-0.90759,-1.0367
1011,-0.94016,-1.0249
1012,-0.97273,-1.0131
1013,-0.954235,-1.01035
1014,-0.93574,-1.0076
1015,-0.93367,-0.99423
1016,-0.9316,-0.98086
1017,-0.908575,-0.99468
1018,-0.88555,-1.0085
1019,-0.921585,-1.000945
1020,-0.95762,-0.99339
1021,-0.915015,-0.972305
1022,-0.87241,-0.95122
1023,-0.88082,-0.96693
1024,-0.88923,-0.98264
1025,-0.910105,-0.99952
1026,-0.93098,-1.0164
1027,-0.903745,-0.9987
1028,-0.87651,-0.981
1029,-0.87618,-0.975775
1030,-0.87585,-0.97055
1031,-0.869895,-0.95201
1032,-0.86394,-0.93347
1033,-0.85192,-0.958555
1034,-0.8399,-0.98364
1035,-0.8441,-0.95673
1036,-0.8483,-0.92982
1037,-0.83302,-0.941625
1038,-0.81774,-0.95343
1039,-0.80426,-0.978015
1040,-0.79078,-1.0026
1041,-0.794685,-0.9913
1042,-0.79859,-0.98
1043,-0.81342,-0.962545
1044,-0.82825,-0.94509
1045,-0.84243,-0.94956
1046,-0.85661,-0.95403
1047,-0.81132,-0.96708
1048,-0.76603,-0.98013
1049,-0.79073,-0.977115
1050,-0.81543,-0.9741
1051,-0.7934,-0.94604
1052,-0.77137,-0.91798
1053,-0.76618,-0.925125
1054,-0.76099,-0.93227
1055,-0.758085,-0.95493
1056,-0.75518,-0.97759
1057,-0.762775,-0.94799
1058,-0.77037,-0.91839
1059,-0.78114,-0.93312
1060,-0.79191,-0.94785
1061,-0.768025,-0.943805
1062,-0.74414,-0.93976
1063,-0.75507,-0.926515
1064,-0.766,-0.91327
1065,-0.761435,-0.927575
1066,-0.75687,-0.94188
1067,-0.756085,-0.96022
1068,-0.7553,-0.97856
1069,-0.755595,-0.97455
1070,-0.75589,-0.97054
1071,-0.76583,-0.943715
1072,-0.77577,-0.91689
1073,-0.768135,-0.923145
1074,-0.7605,-0.9294
1075,-0.728285,-0.90437
1076,-0.69607,-0.87934
1077,-0.693945,-0.919925
1078,-0.69182,-0.96051
1079,-0.708765,-0.945485
1080,-0.72571,-0.93046
1081,-0.71765,-0.92093
1082,-0.70959,-0.9114
1083,-0.70184,-0.932115
1084,-0.69409,-0.95283
1085,-0.720835,-0.91219
1086,-0.74758,-0.87155
1087,-0.723335,-0.88411
1088,-0.69909,-0.89667
1089,-0.716435,-0.882065
1090,-0.73378,-0.86746
1091,-0.738355,-0.8802
1092,-0.74293,-0.89294
1093,-0.740925,-0.92276
1094,-0.73892,-0.95258
1095,-0.69319,-0.936465
1096,-0.64746,-0.92035
1097,-0.66655,-0.92958
1098,-0.68564,-0.93881
1099,-0.702285,-0.91193
1100,-0.71893,-0.88505
1101,-0.692285,-0.91249
1102,-0.66564,-0.93993
1103,-0.666995,-0.908265
1104,-0.66835,-0.8766
1105,-0.68017,-0.88543
1106,-0.69199,-0.89426
1107,-0.672285,-0.901855
1108,-0.65258,-0.90945
1109,-0.664655,-0.89791
1110,-0.67673,-0.88637
1111,-0.68396,-0.875835
1112,-0.69119,-0.8653
1113,-0.68851,-0.85897
1114,-0.68583,-0.85264
1115,-0.67697,-0.87653
1116,-0.66811,-0.90042
1117,-0.6842,-0.899645
1118,-0.70029,-0.89887
1119,-0.683105,-0.896185
1120,-0.66592,-0.8935
1121,-0.654165,-0.876435
1122,-0.64241,-0.85937
1123,-0.64063,-0.84863
1124,-0.63885,-0.83789
1125,-0.662,-0.841855
1126,-0.68515,-0.84582
1127,-0.657985,-0.83912
1128,-0.63082,-0.83242
1129,-0.63475,-0.83165
1130,-0.63868,-0.83088
1131,-0.628025,-0.8648
1132,-0.61737,-0.89872
1133,-0.60984,-0.86385
1134,-0.60231,-0.82898
1135,-0.63082,-0.82251
1136,-0.65933,-0.81604
1137,-0.619485,-0.82451
1138,-0.57964,-0.83298
1139,-0.599715,-0.82674
1140,-0.61979,-0.8205
1141,-0.5996,-0.85988
1142,-0.57941,-0.89926
1143,-0.591655,-0.86929
1144,-0.6039,-0.83932
1145,-0.627335,-0.854455
1146,-0.65077,-0.86959
1147,-0.654685,-0.85278
1148,-0.6586,-0.83597
1149,-0.65933,-0.822995
1150,-0.66006,-0.81002
1151,-0.64989,-0.83433
1152,-0.63972,-0.85864
1153,-0.62207,-0.837985
1154,-0.60442,-0.81733
1155,-0.62236,-0.84626
1156,-0.6403,-0.87519
1157,-0.642985,-0.85661
1158,-0.64567,-0.83803
1159,-0.620565,-0.83164
1160,-0.59546,-0.82525
1161,-0.57314,-0.81993
1162,-0.55082,-0.81461
1163,-0.59076,-0.833985
1164,-0.6307,-0.85336
1165,-0.630055,-0.854495
1166,-0.62941,-0.85563
1167,-0.628115,-0.822015
1168,-0.62682,-0.7884
1169,-0.630155,-0.80245
1170,-0.63349,-0.8165
1171,-0.60059,-0.84159
1172,-0.56769,-0.86668
1173,-0.58041,-0.838955
1174,-0.59313,-0.81123
1175,-0.58907,-0.832015
1176,-0.58501,-0.8528
1177,-0.579405,-0.82255
1178,-0.5738,-0.7923
1179,-0.55907,-0.786925
1180,-0.54434,-0.78155
1181,-0.58158,-0.807095
1182,-0.61882,-0.83264
1183,-0.6096,-0.84155
1184,-0.60038,-0.85046
1185,-0.61099,-0.817955
1186,-0.6216,-0.78545
1187,-0.61677,-0.806795
1188,-0.61194,-0.82814
1189,-0.614965,-0.83045
1190,-0.61799,-0.83276
1191,-0.61139,-0.834375
1192,-0.60479,-0.83599
1193,-0.574885,-0.841545
1194,-0.54498,-0.8471
1195,-0.53782,-0.821955
1196,-0.53066,-0.79681
1197,-0.548935,-0.803215
1198,-0.56721,-0.80962
1199,-0.550205,-0.791305
1200,-0.5332,-0.77299
1201,-0.563325,-0.785135
1202,-0.59345,-0.79728
1203,-0.582815,-0.8014
1204,-0.57218,-0.80552
1205,-0.57454,-0.82069
1206,-0.5769,-0.83586
1207,-0.55988,-0.827245
1208,-0.54286,-0.81863
1209,-0.529825,-0.80112
1210,-0.51679,-0.78361
1211,-0.55251,-0.789275
1212,-0.58823,-0.79494
1213,-0.56088,-0.76942
1214,-0.53353,-0.7439
1215,-0.544605,-0.785135
1216,-0.55568,-0.82637
1217,-0.543095,-0.80601
1218,-0.53051,-0.78565
1219,-0.52391,-0.779935
1220,-0.51731,-0.77422
1221,-0.548935,-0.793405
1222,-0.58056,-0.81259
1223,-0.54491,-0.79125
1224,-0.50926,-0.76991
1225,-0.55436,-0.753085
1226,-0.59946,-0.73626
1227,-0.572225,-0.76823
1228,-0.54499,-0.8002
1229,-0.528035,-0.80132
1230,-0.51108,-0.80244
1231,-0.54676,-0.80615
1232,-0.58244,-0.80986
1233,-0.56904,-0.778875
1234,-0.55564,-0.74789
1235,-0.56008,-0.779015
1236,-0.56452,-0.81014
1237,-0.55202,-0.795515
1238,-0.53952,-0.78089
1239,-0.52609,-0.745755
1240,-0.51266,-0.71062
1241,-0.533975,-0.72008
1242,-0.55529,-0.72954
1243,-0.54337,-0.754585
1244,-0.53145,-0.77963
1245,-0.513825,-0.75671
1246,-0.4962,-0.73379
1247,-0.50261,-0.76
1248,-0.50902,-0.78621
1249,-0.50936,-0.760615
1250,-0.5097,-0.73502
1251,-0.50221,-0.72266
1252,-0.49472,-0.7103
1253,-0.53292,-0.70716
1254,-0.57112,-0.70402
1255,-0.546365,-0.73059
1256,-0.52161,-0.75716
1257,-0.51797,-0.749265
1258,-0.51433,-0.74137
1259,-0.509755,-0.73071
1260,-0.50518,-0.72005
1261,-0.51174,-0.71782
1262,-0.5183,-0.71559
1263,-0.535485,-0.72675
1264,-0.55267,-0.73791
1265,-0.567085,-0.74174
1266,-0.5815,-0.74557
1267,-0.57688,-0.74877
1268,-0.57226,-0.75197
1269,-0.563745,-0.761175
1270,-0.55523,-0.77038
1271,-0.52717,-0.75096
1272,-0.49911,-0.73154
1273,-0.49563,-0.744485
1274,-0.49215,-0.75743
1275,-0.5144,-0.74478
1276,-0.53665,-0.73213
1277,-0.50941,-0.705035
1278,-0.48217,-0.67794
1279,-0.5296,-0.697405
1280,-0.57703,-0.71687
1281,-0.535445,-0.69573
1282,-0.49386,-0.67459
1283,-0.51011,-0.7147
1284,-0.52636,-0.75481
1285,-0.503725,-0.708755
1286,-0.48109,-0.6627
1287,-0.48572,-0.70653
1288,-0.49035,-0.75036
1289,-0.525865,-0.738525
1290,-0.56138,-0.72669
1291,-0.551505,-0.702075
1292,-0.54163,-0.67746
1293,-0.55613,-0.68561
1294,-0.57063,-0.69376
1295,-0.551065,-0.699585
1296,-0.5315,-0.70541
1297,-0.531395,-0.7128
1298,-0.53129,-0.72019
1299,-0.536755,-0.727435
1300,-0.54222,-0.73468
1301,-0.51259,-0.72559
1302,-0.48296,-0.7165
1303,-0.50371,-0.72192
1304,-0.52446,-0.72734
1305,-0.51344,-0.718815
1306,-0.50242,-0.71029
1307,-0.50447,-0.719655
1308,-0.50652,-0.72902
1309,-0.497935,-0.691905
1310,-0.48935,-0.65479
1311,-0.517815,-0.646815
1312,-0.54628,-0.63884
1313,-0.5205,-0.675505
1314,-0.49472,-0.71217
1315,-0.51244,-0.68678
1316,-0.53016,-0.66139
1317,-0.547695,-0.693745
1318,-0.56523,-0.7261
1319,-0.524275,-0.696235
1320,-0.48332,-0.66637
1321,-0.478035,-0.662715
1322,-0.47275,-0.65906
1323,-0.515315,-0.68967
1324,-0.55788,-0.72028
1325,-0.53812,-0.720975
1326,-0.51836,-0.72167
1327,-0.50581,-0.71371
1328,-0.49326,-0.70575
1329,-0.52535,-0.668755
1330,-0.55744,-0.63176
1331,-0.561065,-0.66008
1332,-0.56469,-0.6884
1333,-0.54415,-0.674615
1334,-0.52361,-0.66083
1335,-0.539,-0.660305
1336,-0.55439,-0.65978
1337,-0.512125,-0.65651
1338,-0.46986,-0.65324
1339,-0.471265,-0.66397
1340,-0.47267,-0.6747
1341,-0.472855,-0.66968
1342,-0.47304,-0.66466
1343,-0.47035,-0.663615
1344,-0.46766,-0.66257
1345,-0.482035,-0.63309
1346,-0.49641,-0.60361
1347,-0.495785,-0.64892
1348,-0.49516,-0.69423
1349,-0.511565,-0.67629
1350,-0.52797,-0.65835
1351,-0.54318,-0.63761
1352,-0.55839,-0.61687
1353,-0.539275,-0.625725
1354,-0.52016,-0.63458
1355,-0.51504,-0.64781
1356,-0.50992,-0.66104
1357,-0.50992,-0.63043
1358,-0.50992,-0.59982
1359,-0.497475,-0.639255
1360,-0.48503,-0.67869
1361,-0.49414,-0.666395
1362,-0.50325,-0.6541
1363,-0.485835,-0.6247
1364,-0.46842,-0.5953
1365,-0.48408,-0.60578
1366,-0.49974,-0.61626
1367,-0.487235,-0.613905
1368,-0.47473,-0.61155
1369,-0.51241,-0.62108
1370,-0.55009,-0.63061
1371,-0.515425,-0.646245
1372,-0.48076,-0.66188
1373,-0.47244,-0.620395
1374,-0.46412,-0.57891
1375,-0.50132,-0.581325
1376,-0.53852,-0.58374
1377,-0.50433,-0.605
1378,-0.47014,-0.62626
1379,-0.481845,-0.60538
1380,-0.49355,-0.5845
1381,-0.491005,-0.608995
1382,-0.48846,-0.63349
1383,-0.490315,-0.630365
1384,-0.49217,-0.62724
1385,-0.486515,-0.60488
1386,-0.48086,-0.58252
1387,-0.49411,-0.616295
1388,-0.50736,-0.65007
1389,-0.49601,-0.606445
1390,-0.48466,-0.56282
1391,-0.497115,-0.609335
1392,-0.50957,-0.65585
1393,-0.489295,-0.640155
1394,-0.46902,-0.62446
1395,-0.508095,-0.635805
1396,-0.54717,-0.64715
1397,-0.510645,-0.62644
1398,-0.47412,-0.60573
1399,-0.507885,-0.587375
1400,-0.54165,-0.56902
1401,-0.512105,-0.561835
1402,-0.48256,-0.55465
1403,-0.497715,-0.57266
1404,-0.51287,-0.59067
1405,-0.505445,-0.57613
1406,-0.49802,-0.56159
1407,-0.510035,-0.57266
1408,-0.52205,-0.58373
1409,-0.52007,-0.57332
1410,-0.51809,-0.56291
1411,-0.5016,-0.598995
1412,-0.48511,-0.63508
1413,-0.47378,-0.6107
1414,-0.46245,-0.58632
1415,-0.466185,-0.596645
1416,-0.46992,-0.60697
1417,-0.4833,-0.60309
1418,-0.49668,-0.59921
1419,-0.4787,-0.56526
1420,-0.46072,-0.53131
1421,-0.47733,-0.568215
1422,-0.49394,-0.60512
1423,-0.48671,-0.588535
1424,-0.47948,-0.57195
1425,-0.473345,-0.5857
1426,-0.46721,-0.59945
1427,-0.500735,-0.581365
1428,-0.53426,-0.56328
1429,-0.54046,-0.54073
1430,-0.54666,-0.51818
1431,-0.51024,-0.560495
1432,-0.47382,-0.60281
1433,-0.493945,-0.56067
1434,-0.51407,-0.51853
1435,-0.498875,-0.55907
1436,-0.48368,-0.59961
1437,-0.473135,-0.595495
1438,-0.46259,-0.59138
1439,-0.49454,-0.567365
1440,-0.52649,-0.54335
1441,-0.525645,-0.568265
1442,-0.5248,-0.59318
1443,-0.512865,-0.594525
1444,-0.50093,-0.59587
1445,-0.500725,-0.565975
1446,-0.50052,-0.53608
1447,-0.496075,-0.56667
1448,-0.49163,-0.59726
1449,-0.49376,-0.54837
1450,-0.49589,-0.49948
1451,-0.51761,-0.520775
1452,-0.53933,-0.54207
1453,-0.52644,-0.549345
1454,-0.51355,-0.55662
1455,-0.51594,-0.538975
1456,-0.51833,-0.52133
1457,-0.532715,-0.508295
1458,-0.5471,-0.49526
1459,-0.53925,-0.522515
1460,-0.5314,-0.54977
1461,-0.493445,-0.53324
1462,-0.45549,-0.51671
1463,-0.459695,-0.52025
1464,-0.4639,-0.52379
1465,-0.469775,-0.51413
1466,-0.47565,-0.50447
1467,-0.508385,-0.512645
1468,-0.54112,-0.52082
1469,-0.520315,-0.5306
1470,-0.49951,-0.54038
1471,-0.52429,-0.51566
1472,-0.54907,-0.49094
1473,-0.51789,-0.521185
1474,-0.48671,-0.55143
1475,-0.47938,-0.521865
1476,-0.47205,-0.4923
1477,-0.467555,-0.481305
1478,-0.46306,-0.47031
1479,-0.501225,-0.50509
1480,-0.53939,-0.53987
1481,-0.53147,-0.517415
1482,-0.52355,-0.49496
1483,-0.49976,-0.49625
1484,-0.47597,-0.49754
1485,-0.49056,-0.50903
1486,-0.50515,-0.52052
1487,-0.502015,-0.515345
1488,-0.49888,-0.51017
1489,-0.48239,-0.48663
1490,-0.4659,-0.46309
1491,-0.46036,-0.461885
1492,-0.45482,-0.46068
1493,-0.50324,-0.470695
1494,-0.55166,-0.48071
1495,-0.535015,-0.49712
1496,-0.51837,-0.51353
1497,-0.50917,-0.52976
1498,-0.49997,-0.54599
1499,-0.472745,-0.51585
1500,-0.44552,-0.48571
1501,-0.41985,-0.48362
1502,-0.39418,-0.48153
1503,-0.393655,-0.489005
1504,-0.39313,-0.49648
1505,-0.40024,-0.46723
1506,-0.40735,-0.43798
1507,-0.359745,-0.447765
1508,-0.31214,-0.45755
1509,-0.300875,-0.454575
1510,-0.28961,-0.4516
1511,-0.29895,-0.465015
1512,-0.30829,-0.47843
1513,-0.281595,-0.48648
1514,-0.2549,-0.49453
1515,-0.25099,-0.48058
1516,-0.24708,-0.46663
1517,-0.212895,-0.46658
1518,-0.17871,-0.46653
1519,-0.19678,-0.45797
1520,-0.21485,-0.44941
1521,-0.17831,-0.42128
1522,-0.14177,-0.39315
1523,-0.12951,-0.424555
1524,-0.11725,-0.45596
1525,-0.131165,-0.453085
1526,-0.14508,-0.45021
1527,-0.116776,-0.42967
1528,-0.088472,-0.40913
1529,-0.0682155,-0.4014
1530,-0.047959,-0.39367
1531,-0.037601,-0.412765
1532,-0.027243,-0.43186
1533,-0.057806,-0.405155
1534,-0.088369,-0.37845
1535,-0.0804135,-0.36503
1536,-0.072458,-0.35161
1537,-0.03534855,-0.35169
1538,0.0017609,-0.35177
1539,-0.01644005,-0.374655
1540,-0.034641,-0.39754
1541,-0.0154314,-0.392035
1542,0.0037782,-0.38653
1543,0.00446035,-0.390105
1544,0.0051425,-0.39368
1545,0.05309625,-0.377465
1546,0.10105,-0.36125
1547,0.0801685,-0.36429
1548,0.059287,-0.36733
1549,0.1063585,-0.366675
1550,0.15343,-0.36602
1551,0.153165,-0.33042
1552,0.1529,-0.29482
1553,0.16387,-0.318425
1554,0.17484,-0.34203
1555,0.1638,-0.340045
1556,0.15276,-0.33806
1557,0.15478,-0.32439
1558,0.1568,-0.31072
1559,0.183955,-0.333935
1560,0.21111,-0.35715
1561,0.22801,-0.347315
1562,0.24491,-0.33748
1563,0.253405,-0.30856
1564,0.2619,-0.27964
1565,0.27084,-0.284065
1566,0.27978,-0.28849
1567,0.28463,-0.304235
1568,0.28948,-0.31998
1569,0.278935,-0.284815
1570,0.26839,-0.24965
1571,0.275785,-0.26764
1572,0.28318,-0.28563
1573,0.269105,-0.276575
1574,0.25503,-0.26752
1575,0.28156,-0.26536
1576,0.30809,-0.2632
1577,0.321825,-0.277345
1578,0.33556,-0.29149
1579,0.31796,-0.29366
1580,0.30036,-0.29583
1581,0.318585,-0.27371
1582,0.33681,-0.25159
1583,0.339235,-0.270265
1584,0.34166,-0.28894
1585,0.36375,-0.26572
1586,0.38584,-0.2425
1587,0.38476,-0.233355
1588,0.38368,-0.22421
1589,0.388705,-0.217165
1590,0.39373,-0.21012
1591,0.381605,-0.23735
1592,0.36948,-0.26458
1593,0.385555,-0.227795
1594,0.40163,-0.19101
1595,0.40654,-0.21504
1596,0.41145,-0.23907
1597,0.44027,-0.214865
1598,0.46909,-0.19066
1599,0.47204,-0.186925
1600,0.47499,-0.18319
1601,0.453365,-0.171975
1602,0.43174,-0.16076
1603,0.43749,-0.193565
1604,0.44324,-0.22637
1605,0.44582,-0.18345
1606,0.4484,-0.14053
1607,0.48631,-0.16105
1608,0.52422,-0.18157
1609,0.52021,-0.177805
1610,0.5162,-0.17404
1611,0.534955,-0.17475
1612,0.55371,-0.17546
1613,0.522045,-0.16096
1614,0.49038,-0.14646
1615,0.50256,-0.15646
1616,0.51474,-0.16646
1617,0.50918,-0.159925
1618,0.50362,-0.15339
1619,0.538215,-0.151245
1620,0.57281,-0.1491
1621,0.55824,-0.13204
1622,0.54367,-0.11498
1623,0.56955,-0.11027
1624,0.59543,-0.10556
1625,0.5707,-0.086175
1626,0.54597,-0.06679
1627,0.569785,-0.066177
1628,0.5936,-0.065564
1629,0.573745,-0.092267
1630,0.55389,-0.11897
1631,0.560625,-0.123835
1632,0.56736,-0.1287
1633,0.58963,-0.089371
1634,0.6119,-0.050042
1635,0.6278,-0.078586
1636,0.6437,-0.10713
1637,0.64197,-0.091022
1638,0.64024,-0.074914
1639,0.62408,-0.053491
1640,0.60792,-0.032068
1641,0.632205,-0.070534
1642,0.65649,-0.109
1643,0.664025,-0.097615
1644,0.67156,-0.08623
1645,0.655795,-0.0747625
1646,0.64003,-0.063295
1647,0.667905,-0.0527615
1648,0.69578,-0.042228
1649,0.667755,-0.02313795
1650,0.63973,-0.0040479
1651,0.646145,-0.03511245
1652,0.65256,-0.066177
1653,0.673415,-0.025737
1654,0.69427,0.014703
1655,0.711065,-0.0089495
1656,0.72786,-0.032602
1657,0.72844,-0.0120599
1658,0.72902,0.0084822
1659,0.72059,-0.0014974
1660,0.71216,-0.011477
1661,0.68571,-0.0181745
1662,0.65926,-0.024872
1663,0.70925,-0.0168563
1664,0.75924,-0.0088406
1665,0.754465,0.0084747
1666,0.74969,0.02579
1667,0.7328,0.0387055
1668,0.71591,0.051621
1669,0.74233,0.053312
1670,0.76875,0.055003
1671,0.761455,0.020237
1672,0.75416,-0.014529
1673,0.735165,-0.012269
1674,0.71617,-0.010009
1675,0.71503,0.031668
1676,0.71389,0.073345
1677,0.751025,0.064327
1678,0.78816,0.055309
1679,0.763895,0.027668404
1680,0.73963,2.7808e-05
1681,0.74196,0.026249904
1682,0.74429,0.052472
1683,0.7504,0.0749585
1684,0.75651,0.097445
1685,0.77699,0.075009
1686,0.79747,0.052573
1687,0.76976,0.050889
1688,0.74205,0.049205
1689,0.770485,0.0493045
1690,0.79892,0.049404
1691,0.79885,0.0507495
1692,0.79878,0.052095
1693,0.809815,0.064063
1694,0.82085,0.076031
1695,0.8008,0.0897555
1696,0.78075,0.10348
1697,0.76947,0.0901595
1698,0.75819,0.076839
1699,0.79758,0.0975395
1700,0.83697,0.11824
1701,0.831625,0.13035
1702,0.82628,0.14246
1703,0.8213,0.1104285
1704,0.81632,0.078397
1705,0.82652,0.1126585
1706,0.83672,0.14692
1707,0.8392,0.14589
1708,0.84168,0.14486
1709,0.83357,0.139165
1710,0.82546,0.13347
1711,0.839535,0.15938
1712,0.85361,0.18529
1713,0.84883,0.146465
1714,0.84405,0.10764
1715,0.839,0.135775
1716,0.83395,0.16391
1717,0.84317,0.148635
1718,0.85239,0.13336
1719,0.867495,0.126295
1720,0.8826,0.11923
1721,0.867845,0.14961
1722,0.85309,0.17999
1723,0.86424,0.196105
1724,0.87539,0.21222
1725,0.84543,0.200955
1726,0.81547,0.18969
1727,0.845115,0.20684
1728,0.87476,0.22399
1729,0.849755,0.195245
1730,0.82475,0.1665
1731,0.83595,0.190315
1732,0.84715,0.21413
1733,0.867305,0.194765
1734,0.88746,0.1754
1735,0.869315,0.184175
1736,0.85117,0.19295
1737,0.8348,0.1824
1738,0.81843,0.17185
1739,0.827575,0.209
1740,0.83672,0.24615
1741,0.830135,0.26168
1742,0.82355,0.27721
1743,0.854655,0.270055
1744,0.88576,0.2629
1745,0.86766,0.266285
1746,0.84956,0.26967
1747,0.85921,0.26194
1748,0.86886,0.25421
1749,0.857675,0.24421
1750,0.84649,0.23421
1751,0.88332,0.23535
1752,0.92015,0.23649
1753,0.894145,0.24156
1754,0.86814,0.24663
1755,0.862495,0.28347
1756,0.85685,0.32031
1757,0.88749,0.28669
1758,0.91813,0.25307
1759,0.880685,0.2714
1760,0.84324,0.28973
1761,0.84509,0.276115
1762,0.84694,0.2625
1763,0.8725,0.27695
1764,0.89806,0.2914
1765,0.919275,0.27981
1766,0.94049,0.26822
1767,0.92495,0.28289
1768,0.90941,0.29756
1769,0.91036,0.32146
1770,0.91131,0.34536
1771,0.91442,0.34932
1772,0.91753,0.35328
1773,0.932395,0.36083
1774,0.94726,0.36838
1775,0.913065,0.35321
1776,0.87887,0.33804
1777,0.913075,0.354915
1778,0.94728,0.37179
1779,0.906375,0.369315
1780,0.86547,0.36684
1781,0.90452,0.33658
1782,0.94357,0.30632
1783,0.905465,0.314455
1784,0.86736,0.32259
1785,0.88733,0.32996
1786,0.9073,0.33733
1787,0.917115,0.341
1788,0.92693,0.34467
1789,0.907855,0.34385
1790,0.88878,0.34303
1791,0.919545,0.34927
1792,0.95031,0.35551
1793,0.92184,0.36053
1794,0.89337,0.36555
1795,0.89231,0.402355
1796,0.89125,0.43916
1797,0.913975,0.411915
1798,0.9367,0.38467
1799,0.9538,0.3852
1800,0.9709,0.38573
1801,0.95765,0.394085
1802,0.9444,0.40244
1803,0.92278,0.40033
1804,0.90116,0.39822
1805,0.93679,0.423975
1806,0.97242,0.44973
1807,0.946435,0.43285
1808,0.92045,0.41597
1809,0.903855,0.40723
1810,0.88726,0.39849
1811,0.897535,0.426105
1812,0.90781,0.45372
1813,0.94243,0.443635
1814,0.97705,0.43355
1815,0.975785,0.43692
1816,0.97452,0.44029
1817,0.96081,0.42857
1818,0.9471,0.41685
1819,0.946625,0.459785
1820,0.94615,0.50272
1821,0.918755,0.485255
1822,0.89136,0.46779
1823,0.89823,0.451775
1824,0.9051,0.43576
1825,0.91006,0.480125
1826,0.91502,0.52449
1827,0.94619,0.49633
1828,0.97736,0.46817
1829,0.955945,0.48778
1830,0.93453,0.50739
1831,0.93159,0.51279
1832,0.92865,0.51819
1833,0.92636,0.498095
1834,0.92407,0.478
1835,0.926325,0.519
1836,0.92858,0.56
1837,0.93567,0.548255
1838,0.94276,0.53651
1839,0.931465,0.53332
1840,0.92017,0.53013
1841,0.93941,0.549515
1842,0.95865,0.5689
1843,0.963635,0.5563
1844,0.96862,0.5437
1845,0.970485,0.51992
1846,0.97235,0.49614
1847,0.956215,0.522205
1848,0.94008,0.54827
1849,0.97069,0.567535
1850,1.0013,0.5868
1851,0.966075,0.5862
1852,0.93085,0.5856
1853,0.95651,0.580415
1854,0.98217,0.57523
1855,0.96469,0.550065
1856,0.94721,0.5249
1857,0.97035,0.563365
1858,0.99349,0.60183
1859,0.970255,0.591385
1860,0.94702,0.58094
1861,0.9642,0.59445
1862,0.98138,0.60796
1863,0.963675,0.61564
1864,0.94597,0.62332
1865,0.972925,0.628895
1866,0.99988,0.63447
1867,0.993925,0.598695
1868,0.98797,0.56292
1869,0.97253,0.60345
1870,0.95709,0.64398
1871,0.95576,0.63636
1872,0.95443,0.62874
1873,0.9534,0.607175
1874,0.95237,0.58561
1875,0.95623,0.597385
1876,0.96009,0.60916
1877,0.95728,0.606255
1878,0.95447,0.60335
1879,0.939425,0.6279
1880,0.92438,0.65245
1881,0.943085,0.654275
1882,0.96179,0.6561
1883,0.97042,0.635495
1884,0.97905,0.61489
1885,0.964275,0.663865
1886,0.9495,0.71284
1887,0.9549,0.678975
1888,0.9603,0.64511
1889,0.94532,0.65133
1890,0.93034,0.65755
1891,0.94943,0.65981
1892,0.96852,0.66207
1893,0.959585,0.652135
1894,0.95065,0.6422
1895,0.937125,0.669495
1896,0.9236,0.69679
1897,0.9673,0.686195
1898,1.011,0.6756
1899,0.97755,0.686235
1900,0.9441,0.69687
1901,0.968035,0.72681
1902,0.99197,0.75675
1903,0.96577,0.75834
1904,0.93957,0.75993
1905,0.980835,0.723025
1906,1.0221,0.68612
1907,0.998755,0.712655
1908,0.97541,0.73919
1909,0.995105,0.73058
1910,1.0148,0.72197
1911,1.00678,0.74295
1912,0.99876,0.76393
1913,0.987535,0.757145
1914,0.97631,0.75036
1915,0.98204,0.74022
1916,0.98777,0.73008
1917,0.975105,0.744695
1918,0.96244,0.75931
1919,0.971505,0.780445
1920,0.98057,0.80158
1921,0.994335,0.79801
1922,1.0081,0.79444
1923,0.98214,0.771175
1924,0.95618,0.74791
1925,0.95734,0.74882
1926,0.9585,0.74973
1927,0.96148,0.76339
1928,0.96446,0.77705
1929,0.99103,0.80464
1930,1.0176,0.83223
1931,0.97869,0.826355
1932,0.93978,0.82048
1933,0.94564,0.82095
1934,0.9515,0.82142
1935,0.956495,0.799775
1936,0.96149,0.77813
1937,0.964115,0.77803
1938,0.96674,0.77793
1939,0.98567,0.82077
1940,1.0046,0.86361
1941,1.01275,0.843825
1942,1.0209,0.82404
1943,0.979375,0.830405
1944,0.93785,0.83677
1945,0.939355,0.8384
1946,0.94086,0.84003
1947,0.937825,0.8458
1948,0.93479,0.85157
1949,0.943895,0.842385
1950,0.953,0.8332
1951,0.94481,0.83418
1952,0.93662,0.83516
1953,0.9589,0.871555
1954,0.98118,0.90795
1955,0.97007,0.91141
1956,0.95896,0.91487
1957,0.99293,0.902615
1958,1.0269,0.89036
1959,1.01685,0.88144
1960,1.0068,0.87252
1961,0.99559,0.88719
1962,0.98438,0.90186
1963,0.963995,0.908355
1964,0.94361,0.91485
1965,0.96635,0.929155
1966,0.98909,0.94346
1967,0.996045,0.906095
1968,1.003,0.86873
1969,1.0002,0.894315
1970,0.9974,0.9199
1971,0.988125,0.91737
1972,0.97885,0.91484
1973,0.96354,0.92728
1974,0.94823,0.93972
1975,0.983665,0.939805
1976,1.0191,0.93989
1977,0.990845,0.92624
1978,0.96259,0.91259
1979,0.975705,0.90952
1980,0.98882,0.90645
1981,1.00371,0.904725
1982,1.0186,0.903
1983,1.00398,0.90846
1984,0.98936,0.91392
1985,0.979115,0.930095
1986,0.96887,0.94627
1987,0.996935,0.97211
1988,1.025,0.99795
1989,0.984895,0.97875
1990,0.94479,0.95955
1991,0.978545,0.976755
1992,1.0123,0.99396
1993,1.02095,1.01563
1994,1.0296,1.0373
1995,1.007845,1.02305
1996,0.98609,1.0088
1997,0.98646,1.0064
1998,0.98683,1.004
