Time (ms),x1,x2
0,0.53767,0.6737
200,1.8339,-0.66911
400,-2.3707,-1.14
600,-0.98324,-0.47852
800,0.52065,1.3441
1000,0.22949,0.0079458
1200,-0.978,-2.1364
1400,-1.5932,-0.094312
1600,3.9253,1.2574
1800,5.5761,0.81427
2000,0.16251,-1.1136
2200,0.87951,-0.71594
2400,0.98897,-1.8884
2600,-0.87886,0.4721
2800,1.2512,3.5059
3000,2.7366,1.7134
3200,0.51725,-1.3798
3400,-0.50194,-2.0244
3600,0.23967,0.67753
3800,2.8975,2.067
4000,2.9584,0.17447
4200,-1.3083,-2.4317
4400,-2.1698,-1.2213
4600,1.1417,1.4042
4800,2.851,0.91769
5000,2.0275,-0.011224
5200,0.59273,1.8008
5400,0.79323,-0.77411
5600,-0.76959,-1.5446
5800,-2.0253,-1.2865
6000,-0.050512,2.1522
6200,1.2589,3.0847
6400,0.74324,-2.4589
6600,-3.7191,-1.2618
6800,-4.4803,0.50388
7000,1.2475,1.3874
7200,2.4899,1.112
7400,0.21499,-0.62912
7600,0.073113,1.2173
7800,-0.62152,3.621
8000,1.6823,0.2508
8200,-0.71707,-4.7287
8400,-3.7145,-1.9842
8600,-0.52701,2.3396
8800,2.0986,1.5245
9000,1.0461,-2.542
9200,-2.5553,-1.904
9400,-0.91966,3.569
9600,4.4964,1.8781
9800,2.9788,-2.5723
10000,-3.1233,-1.1077
10200,-1.5141,2.9384
10400,1.3048,2.2532
10600,0.11313,-0.64872
10800,-1.5779,-1.1264
11000,0.34981,-0.20071
11200,-0.0040753,1.2698
11400,1.269,0.24239
11600,-0.05545,-1.843
11800,-0.54568,-0.11207
12000,-0.63749,1.5082
12200,0.9873,0.35501
12400,0.72015,-0.80837
12600,0.48335,0.46118
12800,2.2397,1.178
13000,1.5253,0.179
13200,-1.6753,-0.6089
13400,-2.2153,-0.27465
13600,-1.5613,-0.36974
13800,2.02,0.89558
14000,1.2795,1.9734
14200,1.879,-0.65855
14400,-0.94705,0.15149
14600,0.50346,0.39604
14800,-0.15742,-0.24613
15000,-1.8966,-1.2883
15200,-2.9529,-0.98191
15400,-0.48566,-0.21693
15600,0.45985,1.0744
15800,0.92384,2.0929
16000,2.7321,0.29585
16200,0.56962,-0.73135
16400,-0.75105,0.88576
16600,2.0859,-1.6487
16800,-1.3283,-1.3708
17000,-0.55194,1.2608
17200,2.3108,2.1921
17400,1.8212,-1.6558
17600,-1.5539,-3.2563
17800,-3.7687,1.1385
18000,-0.24522,2.83
18200,2.2862,0.49133
18400,0.89769,-3.0773
18600,0.13673,-2.95
18800,-1.6259,2.338
19000,2.3262,4.2547
19200,3.2163,1.0381
19400,-2.087,-4.6246
19600,-5.5694,-3.5547
19800,-4.2435,1.1594
20000,2.4903,3.1499
20200,2.698,-0.59805
20400,-0.99738,-1.3852
20600,-2.2135,-1.3922
20800,-0.80285,-1.0519
21000,-0.6582,1.0035
21200,1.5104,2.3355
21400,2.7086,-0.90498
21600,0.92557,-3.4055
21800,-2.3875,-0.447
22000,-2.2292,0.95385
22200,-0.40726,0.6611
22400,1.7188,0.26363
22600,-0.3831,-0.23205
22800,0.19607,-2.1898
23000,-1.1609,-1.0081
23200,1.1033,1.1473
23400,-0.080991,2.9643
23600,1.1653,0.88626
23800,-1.2909,-2.1626
24000,0.29027,-0.04843
24200,2.0306,0.67083
24400,2.6221,-0.10827
24600,-0.75958,0.84341
24800,-0.66318,1.842
25000,0.56623,0.60825
25200,1.1465,-0.80039
25400,-0.73609,-1.3128
25600,-0.42103,0.99136
25800,-0.85392,0.51953
26000,-0.64409,-0.062707
26200,-1.1621,-0.15259
26400,-1.9948,1.1437
26600,0.80409,0.039316
26800,0.57263,-0.26702
27000,-0.10093,0.68162
27200,-0.90463,-0.48028
27400,0.17698,-0.53313
27600,0.42082,1.8215
27800,1.3222,1.0854
28000,0.49877,-1.4402
28200,-1.7692,-0.84373
28400,-2.5722,0.62396
28600,-0.18641,1.3053
28800,0.27265,-0.24234
29000,-1.5246,-1.1353
29200,-2.5185,0.31408
29400,-0.56208,2.3648
29600,-0.19405,0.91004
29800,0.69015,0.029583
30000,0.49162,-2.7475
30200,-1.8965,-1.2972
30400,-0.70072,2.0449
30600,1.2511,0.81603
30800,1.4126,-2.667
31000,-2.0118,-0.8359
31200,-1.3201,2.4956
31400,3.307,1.7068
31600,1.5585,-1.0891
31800,-2.0721,-2.5627
32000,-2.7925,-0.39522
32200,-0.8021,1.8249
32400,0.55308,0.17582
32600,2.3008,-1.0753
32800,1.6421,1.902
33000,2.2657,0.94861
33200,-0.77601,-0.58955
33400,-2.4211,-1.9702
33600,-2.1331,1.2201
33800,2.0646,0.97304
34000,0.11352,-0.47548
34200,-3.4194,-1.5397
34400,-3.7272,0.4305
34600,0.44375,1.3722
34800,2.1027,0.023284
35000,0.67139,1.8583
35200,1.0092,-0.091188
35400,-0.35404,-1.5609
35600,-1.8757,2.2877
35800,2.4083,0.78832
36000,-0.3865,-1.0407
36200,-1.225,-2.0193
36400,-2.2587,1.2574
36600,0.69455,2.3202
36800,2.4035,0.34227
37000,1.1731,-2.0323
37200,-2.6886,-0.63833
37400,0.31668,2.9069
37600,3.6147,-0.89237
37800,-0.47274,-4.2265
38000,-3.7089,-0.13859
38200,-0.01301,2.6849
38400,2.3683,0.61998
38600,0.33301,-3.4588
38800,-2.9583,-2.4385
39000,-0.74727,1.6313
39200,3.9371,1.7144
39400,2.7387,-1.6572
39600,-1.7475,-2.2905
39800,-1.562,-0.30403
40000,0.6113,3.0831
40200,1.8069,0.17972
40400,0.4423,-0.59461
40600,-0.36552,-0.69659
40800,-0.34926,-1.185
41000,-0.10224,-0.41692
41200,0.47253,1.7574
41400,0.66496,1.9167
41600,0.64785,-0.67072
41800,-1.2561,-1.4472
42000,-1.9087,0.73533
42200,2.2634,-0.080703
42400,0.060765,-1.1942
42600,-1.7158,-2.1238
42800,-2.4195,-0.13091
43000,-1.0409,2.6091
43200,1.754,1.6049
43400,0.71551,0.68203
43600,1.3009,-0.91257
43800,-0.78336,-2.9759
44000,-3.3558,1.5267
44200,2.6768,4.121
44400,5.2506,-0.56768
44600,-0.71053,-3.2445
44800,-4.8846,0.26025
45000,-0.77637,3.0584
45200,2.5472,1.4057
45400,1.2108,-2.1377
45600,-2.3449,-1.8047
45800,-1.1449,1.2569
46000,2.0046,1.0311
46200,-0.00080258,0.72682
46400,-1.2529,-0.60054
46600,-1.9532,-0.075137
46800,-0.8509,-0.39704
47000,-0.51817,-1.1342
47200,-0.65977,-0.1136
47400,-2.8153,0.62054
47600,-0.97135,1.4719
47800,2.1991,0.55119
48000,-0.19572,-0.47162
48200,-0.13498,-2.0274
48400,-0.89505,-1.1986
48600,-0.3881,1.4644
48800,1.7107,1.0503
49000,-0.65367,0.43369
49200,-0.8047,0.631
49400,1.681,-0.73845
49600,0.16239,0.1488
49800,0.16966,2.0308
50000,0.66329,0.8112
50200,-0.043929,0.24206
50400,-0.072917,0.48609
50600,0.64945,0.16628
50800,-0.17649,0.53781
51000,-0.12698,0.22273
51200,1.949,-0.77832
51400,-2.0873,-0.053219
51600,1.2788,0.64292
51800,1.7379,-0.12918
52000,1.0919,1.2179
52200,-0.67077,0.69
52400,-1.0809,1.963
52600,0.52186,-0.25925
52800,-0.11905,-1.0839
53000,-2.4772,1.4649
53200,0.96351,4.0358
53400,1.9071,0.34243
53600,-0.73829,-3.9162
53800,-2.9027,-0.64541
54000,0.42833,1.6194
54200,3.2263,0.72831
54400,2.073,-0.80517
54600,-1.3219,0.66535
54800,0.10151,2.2809
55000,0.69109,0.12442
55200,-1.8909,-0.86345
55400,-0.62394,-0.67985
55600,-0.0018609,1.1479
55800,1.1446,2.8036
56000,2.8727,0.079482
56200,0.44894,-2.5195
56400,-1.8402,-1.3195
56600,0.50855,2.3363
56800,3.6644,3.0938
57000,2.8349,1.1848
57200,-0.69741,-2.0655
57400,-3.4173,-1.4045
57600,-0.19225,0.59837
57800,-0.024631,2.9151
58000,1.8053,0.32038
58200,-2.1635,-2.7092
58400,-2.2306,1.1152
58600,2.2665,3.3118
58800,3.226,0.81773
59000,0.01398,-3.4097
59200,-5.8398,-1.2431
59400,-1.2638,2.875
59600,0.97969,0.76472
59800,-2.2893,-2.2963
60000,-2.9451,-1.7056
60200,-1.944,1.8533
60400,2.2024,0.91349
60600,1.8449,-0.11953
60800,0.70614,1.0182
61000,-0.017115,0.097333
61200,-0.037852,-0.79407
61400,-0.50587,0.19055
61600,1.0823,1.8957
61800,2.321,0.93828
62000,1.5084,-0.83801
62200,-0.95472,-1.4848
62400,-1.5349,-0.0065421
62600,1.1741,1.7993
62800,-0.084905,2.2279
63000,0.066425,-0.20268
63200,-2.2601,-3.0491
63400,-3.3532,-0.31953
63600,0.75538,2.2513
63800,3.5023,0.68697
64000,-0.18477,-1.8142
64200,-2.7901,-1.9736
64400,-1.5979,0.53844
64600,0.79334,0.95599
64800,1.3926,-0.50892
65000,0.059644,-0.8002
65200,-1.5412,0.34142
65400,-0.24616,0.52693
65600,-1.69,-0.26767
65800,0.12044,-0.46815
66000,-0.46355,0.53197
66200,-0.85372,1.8157
66400,0.55551,0.73924
66600,-1.2445,-1.5175
66800,-1.9877,-0.44862
67000,-0.81388,0.83388
67200,3.0129,-1.1717
67400,1.3527,-3.3658
67600,-4.4458,-1.786
67800,-1.5114,1.9197
68000,0.94469,1.3851
68200,0.62678,-1.8404
68400,-1.6162,-1.6196
68600,-0.4216,0.32749
68800,0.75861,0.76338
69000,2.3674,0.57664
69200,0.41261,0.34463
69400,0.029653,2.0787
69600,1.9113,0.6503
69800,0.46752,-1.4095
70000,-0.56108,-1.5172
70200,-0.49298,0.47723
70400,0.071832,1.3064
70600,-0.95444,-1.7456
70800,-0.28206,-1.8262
71000,-1.1065,1.5982
71200,1.5664,1.3696
71400,1.7305,-0.37343
71600,-0.31673,-0.2163
71800,-1.3796,1.311
72000,0.048024,1.3432
72200,0.58606,-2.9057
72400,-0.86747,-2.5106
72600,-1.9202,2.4728
72800,2.9253,3.145
73000,3.0752,-1.0299
73200,-1.5678,-2.3881
73400,-3.5588,1.2376
73600,0.42743,2.4355
73800,2.0059,-1.018
74000,-2.4394,-2.434
74200,-2.4813,-0.12355
74400,-0.43984,2.8069
74600,2.2403,1.3532
74800,1.1448,-1.292
75000,-2.3405,-1.3223
75200,-1.8622,0.27464
75400,0.79444,1.2014
75600,-0.41451,0.35741
75800,0.48091,-2.252
76000,0.98035,-0.78267
76200,1.6083,2.4944
76400,2.1906,1.2643
76600,0.87045,-0.043839
76800,-1.6623,-0.46408
77000,0.73152,-0.5245
77200,1.3843,0.05997
77400,1.4465,0.16239
77600,-0.48443,0.24186
77800,-0.058782,0.69733
78000,-0.093533,-0.2762
78200,-0.80936,-0.18228
78400,-0.89216,1.9216
78600,0.19728,1.6538
78800,-0.26238,-0.21585
79000,-1.1669,-2.2026
79200,-3.5686,-1.0223
79400,-0.42104,1.6979
79600,2.025,1.2266
79800,1.7728,-2.6154
80000,-1.7477,-3.2803
80200,-1.8094,2.1344
80400,0.94889,2.5064
80600,0.62191,1.1227
80800,-0.60468,-3.8903
81000,-3.4289,-1.6165
81200,0.30267,2.6279
81400,3.003,1.3254
81600,2.2788,-1.3004
81800,-0.65409,-2.2443
82000,-0.5941,1.2268
82200,1.7766,2.2303
82400,1.2431,-1.9518
82600,-3.5978,-4.7945
82800,-4.1077,-0.16079
83000,1.7003,4.9332
83200,4.7266,1.7898
83400,0.28936,-3.3554
83600,-4.2029,-1.7507
83800,-2.7189,0.7657
84000,0.49625,3.0556
84200,2.3942,-0.58973
84400,-0.73078,-2.5836
84600,-2.4076,-0.66688
84800,0.3611,2.0164
85000,2.4135,-0.80609
85200,1.3364,-0.33106
85400,0.45457,1.0914
85600,2.6154,2.6022
85800,1.6171,1.3242
86000,0.5364,-1.673
86200,-2.0699,-2.5003
86400,-1.4161,-1.1506
86600,0.63616,1.6721
86800,-0.017646,1.6413
87000,-0.98127,0.20056
87200,-2.3461,-2.2038
87400,-1.9632,-0.026796
87600,2.0169,1.8265
87800,2.1618,-0.20431
88000,0.40007,-0.7483
88200,-0.16888,0.20462
88400,-0.75665,0.42492
88600,0.34418,1.8411
88800,0.65589,0.82163
89000,1.5485,-1.3366
89200,-0.80865,-0.78084
89400,0.99091,0.92211
89600,1.0908,1.0749
89800,1.2112,0.038373
90000,-0.19959,-1.4519
90200,-3.3757,-1.2633
90400,-2.596,1.1432
90600,1.5548,3.2387
90800,2.896,-0.24977
91000,-1.7416,-3.6786
91200,-4.3773,-1.1423
91400,-0.48127,2.1162
91600,1.6282,1.2214
91800,1.731,-0.85102
92000,-1.3582,-1.3624
92200,0.30611,-0.32226
92400,-0.3664,0.54947
92600,0.50494,-0.89988
92800,-2.0955,-1.5691
93000,-2.4012,-1.1638
93200,-1.3217,0.39012
93400,1.0915,-0.03701
93600,1.4611,-1.0304
93800,-0.039816,-0.58115
94000,-0.67589,-0.5505
94200,0.40021,0.28041
94400,1.5106,0.86489
94600,1.1377,-0.92809
94800,-0.27143,0.14358
95000,0.54843,-0.80056
95200,-1.3311,-0.74683
95400,-0.085123,-1.0683
95600,-0.8741,-0.067652
95800,-0.55657,-0.48958
96000,-0.18651,-0.66759
96200,-0.54227,-0.54932
96400,-0.42891,-0.81573
96600,0.18096,-1.8701
96800,0.22221,0.6566
97000,1.0624,3.6932
97200,3.0308,2.806
97400,1.2485,-2.605
97600,-2.8231,-3.0723
97800,-2.0475,0.69653
98000,0.84521,2.7427
98200,2.6637,-0.65317
98400,-0.056759,-4.3096
98600,-3.2186,-0.80679
98800,1.6128,1.9805
99000,2.3894,-0.66284
99200,-1.3601,0.59098
99400,-2.093,0.47422
99600,0.44088,0.073367
99800,1.3237,0.8351
1e+05,0.91663,-1.4929
1.002e+05,-0.3787,-0.70281
1.004e+05,-0.045899,1.4852
1.006e+05,1.669,1.0909
1.008e+05,0.95923,-0.70313
1.01e+05,-0.43869,-1.6116
1.012e+05,-1.1125,0.80209
1.014e+05,3.6362,0.67995
1.016e+05,0.66544,-1.2341
1.018e+05,-3.4512,-0.18885
1.02e+05,-2.2928,2.6171
1.022e+05,0.58731,0.54983
1.024e+05,-0.4021,-2.4338
1.026e+05,-2.3704,-0.76194
1.028e+05,-0.64609,2.7909
1.03e+05,3.0153,2.4148
1.032e+05,2.2986,-1.2381
1.034e+05,-0.76497,-2.9377
1.036e+05,-0.54859,0.73894
1.038e+05,2.8489,2.4926
1.04e+05,1.4153,1.5336
1.042e+05,-2.2562,-2.9422
1.044e+05,-2.9566,-1.9683
1.046e+05,-2.7679,3.053
1.048e+05,2.4753,1.9956
1.05e+05,1.7549,-2.4685
1.052e+05,-0.09215,-3.2707
1.054e+05,-1.7591,0.71491
1.056e+05,0.61617,2.6305
1.058e+05,2.3895,0.35396
1.06e+05,0.27394,-2.8816
1.062e+05,-2.4569,-1.0651
1.064e+05,-1.2391,1.3818
1.066e+05,0.16648,0.8979
1.068e+05,0.70671,-1.6743
1.07e+05,-2.6246,-1.5031
1.072e+05,-2.6058,4.4584
1.074e+05,4.5359,5.9475
1.076e+05,4.2965,-0.63552
1.078e+05,-2.1528,-4.1614
1.08e+05,-3.4794,-2.0181
1.082e+05,-1.0094,2.1391
1.084e+05,3.6261,1.6368
1.086e+05,1.5974,-0.68492
1.088e+05,-0.20763,-1.032
1.09e+05,-0.2216,0.34682
1.092e+05,0.39543,0.58932
1.094e+05,-0.38941,-1.0265
1.096e+05,-2.2322,-0.77409
1.098e+05,-1.2163,1.7281
1.1e+05,1.0411,1.5651
1.102e+05,0.65533,-0.73195
1.104e+05,-0.10093,-0.81416
1.106e+05,-0.74627,0.92556
1.108e+05,1.8389,-0.68745
1.11e+05,-0.49824,-0.92791
1.112e+05,0.030934,-0.15437
1.114e+05,-0.14712,-1.338
1.116e+05,-0.76332,-1.6065
1.118e+05,0.10552,0.26859
1.12e+05,0.61149,2.1912
1.122e+05,1.2116,0.21319
1.124e+05,1.6385,-1.4267
1.126e+05,0.28008,-1.4966
1.128e+05,-1.1246,-1.4649
1.13e+05,-0.2837,0.85169
1.132e+05,0.9335,0.47623
1.134e+05,1.1287,0.63411
1.136e+05,1.934,1.5443
1.138e+05,-0.22925,-0.41568
1.14e+05,-0.35836,-0.16731
1.142e+05,1.4096,1.236
1.144e+05,1.6151,-0.9104
1.146e+05,0.9787,-1.2953
1.148e+05,-0.31869,0.60085
1.15e+05,-0.62163,1.7395
1.152e+05,-1.4011,0.71795
1.154e+05,-0.96276,-0.5018
1.156e+05,-0.029769,-0.046496
1.158e+05,0.66622,0.074908
1.16e+05,0.75709,0.43891
1.162e+05,-0.13022,-2.1812
1.164e+05,-1.7619,-2.1738
1.166e+05,-2.9666,2.2947
1.168e+05,0.8815,1.7667
1.17e+05,0.44595,-0.97821
1.172e+05,-0.86963,-0.19873
1.174e+05,-0.19903,-0.16596
1.176e+05,-1.0979,-0.85009
1.178e+05,-0.93755,-0.61498
1.18e+05,-0.9357,0.93663
1.182e+05,0.048166,0.56821
1.184e+05,1.0936,-1.5567
1.186e+05,-0.77569,-2.4945
1.188e+05,-1.2541,0.12671
1.19e+05,1.624,1.8125
1.192e+05,2.2987,-0.092837
1.194e+05,0.35557,-1.7398
1.196e+05,-0.81528,-1.5431
1.198e+05,0.38914,1.4781
1.2e+05,2.4465,-0.49671
1.202e+05,1.3741,-1.1869
1.204e+05,-0.54923,0.71032
1.206e+05,0.42962,0.3138
1.208e+05,1.9186,-0.53121
1.21e+05,-0.32558,-0.11862
1.212e+05,-0.38735,-0.22524
1.214e+05,0.71983,0.01368
1.216e+05,0.61488,0.59641
1.218e+05,1.9189,-0.76917
1.22e+05,0.90174,0.12728
1.222e+05,0.66524,1.7481
1.224e+05,0.48078,0.74377
1.226e+05,0.44738,-1.1602
1.228e+05,-2.4095,-2.1076
1.23e+05,-1.82,0.79073
1.232e+05,1.9589,0.70743
1.234e+05,1.5395,1.1704
1.236e+05,1.64,0.31166
1.238e+05,2.137,-0.57803
1.24e+05,0.92143,-0.81634
1.242e+05,-0.13213,-1.9588
1.244e+05,-0.64009,-1.1302
1.246e+05,0.18823,1.5933
1.248e+05,0.45598,3.7946
1.25e+05,1.7472,0.604
1.252e+05,0.73734,-2.5447
1.254e+05,-2.121,-1.7886
1.256e+05,-0.64758,1.6215
1.258e+05,1.0092,2.8796
1.26e+05,1.9648,-0.68729
1.262e+05,-0.44855,-0.61812
1.264e+05,-2.0917,-0.85586
1.266e+05,-0.75122,-0.1385
1.268e+05,0.1814,0.69557
1.27e+05,-0.17443,-1.6345
1.272e+05,-1.5659,-0.48137
1.274e+05,-2.171,1.241
1.276e+05,-1.622,0.83809
1.278e+05,-1.3012,0.053371
1.28e+05,-1.4845,0.38923
1.282e+05,-1.2555,0.87626
1.284e+05,-1.473,-0.51733
1.286e+05,-0.76252,-0.9028
1.288e+05,-2.0296,0.49648
1.29e+05,0.15953,-0.38562
1.292e+05,0.78828,-1.5489
1.294e+05,-0.64881,-0.58314
1.296e+05,-0.11271,1.1418
1.298e+05,0.73907,2.6
1.3e+05,0.19875,0.66378
1.302e+05,-0.68748,-2.3234
1.304e+05,-1.2458,-1.8571
1.306e+05,1.0068,2.8353
1.308e+05,2.9493,5.0698
1.31e+05,1.7658,-0.57989
1.312e+05,-2.1511,-4.7087
1.314e+05,-3.9015,-2.3614
1.316e+05,-1.1268,4.0335
1.318e+05,2.9487,3.3889
1.32e+05,4.188,-1.0448
1.322e+05,-3.361,-3.9332
1.324e+05,-5.0273,-0.10358
1.326e+05,-1.1596,2.4615
1.328e+05,1.67,2.0963
1.33e+05,1.7005,-1.8915
1.332e+05,-1.6783,-2.3319
1.334e+05,-2.5979,0.46581
1.336e+05,1.3323,2.9992
1.338e+05,3.588,0.95555
1.34e+05,1.2853,-3.1169
1.342e+05,-3.1931,-2.3322
1.344e+05,-0.87152,0.74813
1.346e+05,2.4073,2.5959
1.348e+05,5.1639,0.51222
1.35e+05,1.9677,-3.5585
1.352e+05,-1.7846,-3.3842
1.354e+05,-1.9999,1.7911
1.356e+05,0.87601,3.9419
1.358e+05,2.422,-0.081544
1.36e+05,-1.598,-4.7217
1.362e+05,-4.9602,-2.9031
1.364e+05,-1.2528,3.7735
1.366e+05,3.7369,3.3092
1.368e+05,1.6572,-2.4123
1.37e+05,-3.5061,-2.0548
1.372e+05,-2.3682,0.51695
1.374e+05,1.3471,1.9344
1.376e+05,1.2071,0.58456
1.378e+05,0.16619,-0.55226
1.38e+05,-0.71734,-1.4877
1.382e+05,0.18374,0.35282
1.384e+05,0.84584,4.0445
1.386e+05,2.8571,-0.5819
1.388e+05,-2.2228,-2.9762
1.39e+05,-4.6964,-0.6571
1.392e+05,-0.39298,1.3567
1.394e+05,1.7451,0.10071
1.396e+05,0.8082,-0.55726
1.398e+05,-1.3488,2.0679
1.4e+05,2.8778,0.27234
1.402e+05,0.90659,-1.0316
1.404e+05,0.0030224,-1.0864
1.406e+05,-0.75487,2.476
1.408e+05,1.7027,2.1566
1.41e+05,2.0413,-1.4717
1.412e+05,-0.86107,-1.5469
1.414e+05,-2.3671,0.7077
1.416e+05,-1.1932,2.557
1.418e+05,0.40513,0.015361
1.42e+05,-2.0271,-3.1624
1.422e+05,-3.0522,-0.71457
1.424e+05,-0.46191,3.8766
1.426e+05,3.0571,0.53802
1.428e+05,-1.2198,-3.1822
1.43e+05,-2.7625,-0.38026
1.432e+05,0.58507,0.51158
1.434e+05,1.2071,1.0831
1.436e+05,1.9406,0.66863
1.438e+05,-0.30438,-0.45243
1.44e+05,-0.67932,-1.4409
1.442e+05,-0.69005,-0.077454
1.444e+05,0.73123,1.2226
1.446e+05,0.58809,1.364
1.448e+05,0.88158,0.094604
1.45e+05,-0.75925,-1.4131
1.452e+05,-2.4034,1.1203
1.454e+05,-0.66338,1.4157
1.456e+05,1.796,-1.2842
1.458e+05,-1.4601,-1.9562
1.46e+05,-1.9718,1.2991
1.462e+05,-0.0135,2.1499
1.464e+05,1.0772,0.49456
1.466e+05,-3.3123,-1.5024
1.468e+05,-3.8768,1.6405
1.47e+05,-0.56542,0.028386
1.472e+05,-1.1016,-1.7198
1.474e+05,-1.756,-0.62287
1.476e+05,-0.55553,1.2782
1.478e+05,3.2173,2.3379
1.48e+05,1.9515,-0.10175
1.482e+05,-1.1193,-2.0157
1.484e+05,-3.7776,-0.45472
1.486e+05,-1.2766,2.2277
1.488e+05,0.64816,0.34264
1.49e+05,-0.10633,-1.2285
1.492e+05,-0.3161,-2.2077
1.494e+05,-0.7549,0.24171
1.496e+05,0.11292,0.89688
1.498e+05,-0.90326,-0.57717
1.5e+05,0.31335,-0.60813
1.502e+05,2.1612,-0.84578
1.504e+05,0.57352,-0.75621
1.506e+05,-1.3838,-1.0661
1.508e+05,0.085776,-1.9434
1.51e+05,-1.2155,0.11834
1.512e+05,-0.11298,2.7529
1.514e+05,2.964,0.54927
1.516e+05,-0.89371,-2.2715
1.518e+05,-4.7168,-2.1676
1.52e+05,-1.896,2.7503
1.522e+05,3.3779,2.3098
1.524e+05,2.3422,-0.21326
1.526e+05,-0.31519,-1.5498
1.528e+05,-0.51184,-0.55738
1.53e+05,1.0585,2.1548
1.532e+05,1.6885,2.0748
1.534e+05,1.8641,-1.2128
1.536e+05,-1.0977,-0.72772
1.538e+05,-1.3417,2.5332
1.54e+05,0.55391,1.2765
1.542e+05,1.0171,-1.8993
1.544e+05,-1.8977,-1.1864
1.546e+05,-0.98681,1.5153
1.548e+05,0.72712,2.2112
1.55e+05,-0.12058,-0.80447
1.552e+05,-1.4697,-1.2952
1.554e+05,-1.2107,1.3036
1.556e+05,2.4393,1.6048
1.558e+05,2.6215,-0.40816
1.56e+05,0.68641,-2.6606
1.562e+05,-2.6978,-1.6445
1.564e+05,-2.2396,0.1737
1.566e+05,-0.846,0.12339
1.568e+05,0.62439,-0.25704
1.57e+05,2.9788,-1.7907
1.572e+05,0.6435,1.9145
1.574e+05,0.94501,2.7462
1.576e+05,2.2425,-2.7754
1.578e+05,-3.4616,-4.1841
1.58e+05,-5.0763,0.85786
1.582e+05,1.6534,1.8918
1.584e+05,1.8798,-0.57865
1.586e+05,-0.42453,-0.59602
1.588e+05,0.675,0.12023
1.59e+05,1.0786,0.44565
1.592e+05,1.49,-0.96408
1.594e+05,-2.0787,-1.2014
1.596e+05,-0.92327,-0.94071
1.598e+05,2.007,1.0431
1.6e+05,2.6351,0.6133
1.602e+05,-0.87619,0.13286
1.604e+05,-1.2329,0.78646
1.606e+05,-0.32053,1.2068
1.608e+05,1.0316,-0.30195
1.61e+05,0.19468,-1.5601
1.612e+05,-0.69421,-1.4505
1.614e+05,-1.0717,0.93141
1.616e+05,0.34306,2.3993
1.618e+05,1.0689,-0.36627
1.62e+05,-0.0036109,-2.2026
1.622e+05,-3.4636,0.24853
1.624e+05,-0.53698,2.7006
1.626e+05,2.5393,-0.80557
1.628e+05,-1.1738,-2.2022
1.63e+05,-1.7194,0.17963
1.632e+05,0.48227,1.6645
1.634e+05,0.69179,1.2484
1.636e+05,0.54973,-1.3213
1.638e+05,-1.6109,-2.2213
1.64e+05,-2.1906,0.66663
1.642e+05,0.089783,2.4368
1.644e+05,1.9746,-0.019757
1.646e+05,-2.0628,-1.1593
1.648e+05,-2.422,-1.85
1.65e+05,-1.9311,-0.7025
1.652e+05,-0.95168,-1.8029
1.654e+05,-0.3228,0.54253
1.656e+05,0.42788,0.61407
1.658e+05,0.98918,-0.50293
1.66e+05,0.68826,0.36713
1.662e+05,0.37876,0.5635
1.664e+05,0.53925,-0.56509
1.666e+05,0.1585,-1.4688
1.668e+05,-0.92755,-0.22894
1.67e+05,0.56541,1.7093
1.672e+05,0.43718,-0.82032
1.674e+05,-0.085722,-1.6819
1.676e+05,-1.9605,0.93409
1.678e+05,-1.2693,0.205
1.68e+05,1.0387,-0.016406
1.682e+05,0.51314,0.51432
1.684e+05,0.81301,-0.71472
1.686e+05,-0.84671,-2.1304
1.688e+05,-2.7272,0.3658
1.69e+05,-2.8863,2.6223
1.692e+05,1.7065,1.073
1.694e+05,0.67535,-1.0131
1.696e+05,-1.4069,-2.3444
1.698e+05,-1.5281,0.69099
1.7e+05,-0.32774,1.5028
1.702e+05,0.22067,-0.6633
1.704e+05,0.23569,-2.9572
1.706e+05,-1.1567,0.7437
1.708e+05,-0.087636,2.7639
1.71e+05,-0.36973,1.2378
1.712e+05,-0.9407,-0.32877
1.714e+05,-0.8136,-2.2261
1.716e+05,-0.6217,0.23819
1.718e+05,1.0649,1.8396
1.72e+05,0.62045,1.2756
1.722e+05,0.49842,0.018692
1.724e+05,-1.5942,-0.19439
1.726e+05,-1.8419,-0.89088
1.728e+05,-1.6175,-0.23824
1.73e+05,-1.3184,0.90538
1.732e+05,0.25422,3.6207
1.734e+05,1.6378,1.5885
1.736e+05,-0.017733,-0.09939
1.738e+05,-1.5021,-0.88615
1.74e+05,-1.5876,0.025499
1.742e+05,-0.46586,1.3297
1.744e+05,2.2851,-0.14926
1.746e+05,0.98114,0.13304
1.748e+05,0.14734,0.001685
1.75e+05,-1.6563,-1.4795
1.752e+05,-3.3541,0.42563
1.754e+05,-2.0854,-0.25722
1.756e+05,2.0916,-2.2619
1.758e+05,0.74562,-0.18439
1.76e+05,0.91261,0.80331
1.762e+05,-0.12224,-0.52223
1.764e+05,-2.0647,-0.96127
1.766e+05,-0.71778,-0.3595
1.768e+05,1.8238,0.43838
1.77e+05,-0.36962,0.69118
1.772e+05,-0.65352,-1.3119
1.774e+05,-1.4666,-2.1707
1.776e+05,-3.4427,-1.7012
1.778e+05,-0.56506,0.83599
1.78e+05,1.3135,2.276
1.782e+05,3.8094,-0.68825
1.784e+05,-0.52202,-1.526
1.786e+05,-1.3544,0.63312
1.788e+05,-0.52621,2.4015
1.79e+05,0.86331,1.2033
1.792e+05,-0.83642,-2.249
1.794e+05,-2.1703,-2.4942
1.796e+05,-0.24533,1.0993
1.798e+05,1.5095,1.6603
1.8e+05,1.8117,1.0714
1.802e+05,0.0042532,0.373
1.804e+05,-0.42598,-0.65005
1.806e+05,0.42077,-0.92055
1.808e+05,-0.010575,0.75468
1.81e+05,-0.22873,0.30657
1.812e+05,-1.0338,-0.63679
1.814e+05,-1.106,-0.96676
1.816e+05,-0.84934,0.32499
1.818e+05,-0.37015,1.9993
1.82e+05,1.472,1.0823
1.822e+05,1.8872,-0.13112
1.824e+05,-0.31536,-1.8199
1.826e+05,-1.9296,-0.26126
1.828e+05,-2.3652,0.39416
1.83e+05,-0.95427,0.71208
1.832e+05,-0.96114,0.22399
1.834e+05,-0.70788,0.79384
1.836e+05,0.90076,1.1582
1.838e+05,2.5183,0.36561
1.84e+05,2.4183,-1.3219
1.842e+05,-0.72482,-1.1651
1.844e+05,-1.3806,-1.3435
1.846e+05,-0.064186,0.080687
1.848e+05,1.3345,-0.45217
1.85e+05,0.96309,0.72963
1.852e+05,1.5882,1.4826
1.854e+05,-0.29169,-0.00064408
1.856e+05,-0.48743,-1.5647
1.858e+05,-1.3232,-0.32582
1.86e+05,-0.79425,2.759
1.862e+05,1.315,2.4375
1.864e+05,2.5689,-1.9244
1.866e+05,-2.3672,-2.3589
1.868e+05,-3.579,-0.28863
1.87e+05,-0.0019362,2.2013
1.872e+05,4.3821,1.6303
1.874e+05,2.0395,-0.37185
1.876e+05,-0.66475,-2.9471
1.878e+05,-3.5262,-0.082011
1.88e+05,1.5181,1.4688
1.882e+05,2.4985,0.1297
1.884e+05,0.72913,-0.34814
1.886e+05,-1.4557,0.090004
1.888e+05,0.3282,0.14177
1.89e+05,0.8748,0.57726
1.892e+05,-0.52435,1.6943
1.894e+05,0.61012,-0.57702
1.896e+05,-1.1833,-2.8786
1.898e+05,-2.2703,-1.5642
1.9e+05,-0.86552,0.88935
1.902e+05,1.1662,0.84696
1.904e+05,-0.1562,0.11929
1.906e+05,-0.87429,-2.7276
1.908e+05,-1.509,-0.67773
1.91e+05,1.9326,1.2003
1.912e+05,1.0256,2.0018
1.914e+05,3.3223,-1.2153
1.916e+05,0.99847,-1.9585
1.918e+05,-0.98141,-0.55293
1.92e+05,-0.49712,0.71935
1.922e+05,0.023498,0.39801
1.924e+05,0.93246,-0.68487
1.926e+05,-0.96494,-1.0487
1.928e+05,-1.4945,1.3616
1.93e+05,1.8514,1.7976
1.932e+05,2.1891,1.3051
1.934e+05,1.5966,-1.3238
1.936e+05,-0.74314,-0.37462
1.938e+05,-0.75019,-1.1526
1.94e+05,-1.3222,0.59241
1.942e+05,1.2932,1.4712
1.944e+05,0.90346,-0.40673
1.946e+05,0.41619,-0.60367
1.948e+05,0.51661,1.0219
1.95e+05,1.3679,1.8231
1.952e+05,1.3145,0.14919
1.954e+05,-0.0069824,-0.81266
1.956e+05,2.6324,-1.0372
1.958e+05,0.54098,-0.7562
1.96e+05,-1.9812,0.33526
1.962e+05,1.5516,0.89209
1.964e+05,2.1171,0.95036
1.966e+05,0.19702,-1.2191
1.968e+05,1.0392,-1.6155
1.97e+05,0.28402,3.4651
1.972e+05,3.2717,1.7093
1.974e+05,0.28454,-0.33897
1.976e+05,-2.5265,-0.50801
1.978e+05,-3.0559,-0.43903
1.98e+05,-1.2441,0.16814
1.982e+05,-0.64625,0.18651
1.984e+05,0.70138,0.39493
1.986e+05,0.29402,1.3349
1.988e+05,2.5228,-1.5533
1.99e+05,0.83964,0.48982
1.992e+05,0.95949,2.1674
1.994e+05,1.2543,-0.29055
1.996e+05,0.39167,-1.9471
1.998e+05,-2.4874,-0.052097
