,x1,x2,x3,x4,x5
0,1.3932,0.25623,-0.51118,-0.14774,-1.1575
1,-1.2653,0.22751,0.47893,-0.42066,-2.2744
2,-1.6645,-0.63523,4.0539,1.6521,-0.085914
3,0.48555,-2.3638,2.2548,1.7349,-1.1649
4,-0.2625,-1.0647,-1.7365,-0.32425,0.92482
5,0.61898,1.3326,-2.5381,-3.0384,1.866
6,0.84238,3.8742,-0.75169,-0.035602,-1.2341
7,2.4511,2.6485,0.92216,0.52099,-3.2088
8,1.6039,1.1001,-0.38585,0.13111,-2.7062
9,-0.041235,0.33395,-0.13645,0.057874,1.7598
10,0.40021,-2.0719,-0.96431,-0.84502,3.8541
11,-0.057871,-0.0048406,-0.013653,3.3544,3.4756
12,0.86307,-1.2125,1.7623,2.423,-0.45045
13,0.37326,-0.50508,0.29351,0.97087,-2.6802
14,0.18909,1.4521,-1.2494,-0.87265,-0.45024
15,-0.0063635,1.4973,-0.71424,-1.0044,3.3689
16,-0.42072,0.23567,1.6247,-1.1342,3.7114
17,-1.2229,-2.2722,0.51598,-0.24059,-1.6717
18,-0.37718,-3.3089,-0.93495,1.0612,-3.8972
19,0.76318,-0.37759,-1.8311,-1.4187,-2.6713
20,0.73038,2.3373,-2.7641,-2.9054,0.61867
21,-0.1062,0.86578,-1.6456,-0.083722,1.2121
22,-0.78525,-2.1574,-0.26727,3.5869,-0.98744
23,0.21959,-2.1776,1.2198,2.3935,-0.75674
24,1.4162,-1.5066,1.7161,-2.9301,-0.13717
25,1.4717,0.11395,-0.92163,-5.4619,2.6998
26,-0.20363,3.1238,-2.3347,-0.51694,1.7729
27,-1.6527,1.5712,0.45445,5.2047,-0.32738
28,0.83906,0.0097459,2.945,5.9809,0.52193
29,1.4503,-0.2228,0.33967,-0.60323,-1.1906
30,-0.21243,1.4188,-1.5966,-6.2224,-1.8159
31,-1.8892,0.063415,-0.57448,-2.5701,-1.2926
32,-1.0119,-0.63368,-0.13465,4.2704,2.1461
33,0.82492,-1.1508,-0.59486,3.9265,5.4744
34,0.77054,-1.3757,-0.69075,-1.357,1.4931
35,-0.2429,-1.0579,1.668,-4.8109,-5.4337
36,-1.9053,-0.24527,2.3119,-0.96833,-4.0509
37,-1.5353,-0.20113,-0.28173,4.2465,3.4275
38,-0.63998,-3.1364,-3.8124,2.2878,6.0601
39,0.75802,-2.7624,-2.1235,-4.2537,-0.67226
40,1.7733,0.84095,0.1153,-5.7261,-9.0986
41,-0.12366,4.2395,0.14432,-2.2001,-6.5502
42,-2.2032,1.4324,1.4549,4.5616,3.2212
43,-2.1742,-5.2253,-0.36234,6.1958,7.9133
44,0.8959,-5.2071,-1.7219,0.98804,3.2298
45,2.2506,3.7077,-1.1076,-7.3894,-4.2027
46,0.75199,7.0016,2.0506,-5.0443,-7.8392
47,-0.038204,1.6672,2.5916,2.321,-3.9974
48,-2.0532,-3.4392,0.73943,6.1095,5.3323
49,0.26121,-5.4993,-1.3417,1.7261,7.7218
50,-0.0050796,-2.7997,0.047451,-5.9106,2.024
51,0.84974,3.3807,2.1013,-5.3953,-4.7073
52,0.70553,3.949,0.66155,2.0289,-3.6415
53,-0.73542,1.9729,-1.602,5.6714,1.3544
54,-0.23771,-3.2978,-0.93208,0.49831,4.7029
55,1.283,-3.6016,1.2144,-3.6876,2.7069
56,0.62541,-0.3052,1.1393,-3.3483,-2.6233
57,0.32322,2.2619,-0.57487,2.5343,-3.5985
58,1.4206,1.7969,0.66495,6.3433,-0.15132
59,1.652,-0.3149,0.94736,1.7093,3.248
60,1.313,0.68213,-1.2299,-4.0528,2.8274
61,-1.3064,1.4581,-2.9809,-1.906,-1.8559
62,-2.7594,-1.0985,0.15746,4.4895,-3.2137
63,-2.4079,-2.3441,1.5831,4.9831,0.94762
64,1.5776,-3.9419,0.75239,0.75306,4.4821
65,1.7548,0.54105,-1.6286,-4.3443,0.016773
66,-1.0202,4.868,-0.65077,-3.0608,-7.7427
67,-2.9651,2.3507,2.6012,2.2444,-6.1601
68,-1.1393,-3.4151,0.91185,3.3482,6.0219
69,0.93334,-4.4874,-2.6679,0.60419,10.798
70,1.5326,1.5572,-2.3298,-3.3655,-0.84965
71,-0.86054,5.1441,1.9436,-2.3194,-11.694
72,-1.8548,-0.7591,5.4786,1.1597,-7.3368
73,-0.26813,-5.5074,1.6791,2.7991,8.4874
74,2.7655,-3.4659,-4.8234,1.3093,13.163
75,2.9309,2.9047,-4.4547,-2.9577,-1.9545
76,-0.64671,5.609,1.6875,-1.4178,-15.037
77,-0.8507,-0.20021,6.4979,2.29,-5.9104
78,0.98465,-5.0301,2.158,5.9459,13.496
79,0.30078,-0.73527,-6.0677,-0.55567,15.013
80,-1.1162,4.7598,-4.2616,-8.2393,-3.5719
81,-1.1021,4.126,2.9571,-3.6044,-16.713
82,1.606,-2.5617,6.0657,6.8865,-7.2711
83,1.3843,-3.2889,0.62017,7.5275,9.3633
84,0.92535,2.8819,-3.9809,-0.92287,13.094
85,-0.55877,5.209,-1.7186,-6.3525,-1.3337
86,1.1208,-0.59056,3.5538,-2.0128,-10.641
87,2.645,-2.8135,2.643,4.9863,-4.9337
88,-1.2197,1.4142,-2.5607,3.0884,8.6692
89,-1.6466,1.8024,-1.6552,-0.26589,8.8466
90,-0.55819,-1.7603,-0.94212,-1.8364,-2.5773
91,-0.77262,-2.3046,0.26594,-0.98301,-8.9344
92,-0.72704,0.31975,1.3135,-0.18043,-4.4851
93,1.349,1.9307,0.35115,2.3079,4.069
94,0.7701,0.062227,-0.070135,2.6347,7.1698
95,0.82324,-1.2266,-0.019813,-0.077589,-0.57418
96,0.22671,-1.6392,-0.010221,-2.0033,-8.8493
97,0.10194,-1.1278,0.10986,-1.989,-3.0333
98,-1.4282,1.4157,-0.59215,1.2622,6.4502
99,-1.8652,0.6205,0.69427,3.6698,7.2157
100,-0.2997,-1.7264,0.28428,0.97152,-0.53899
101,0.87875,-2.2225,-0.72354,-4.7274,-6.8003
102,0.49622,1.6272,-0.72395,-2.4803,-4.2656
103,0.77168,1.9831,2.4862,1.1775,1.9021
104,-0.67811,-1.4865,2.9735,4.8244,5.7295
105,-0.27084,-2.3203,0.0039172,2.8096,1.996
106,-0.78508,0.13125,-0.84208,-1.8273,-6.4568
107,-1.339,1.3058,-0.59681,-3.6725,-5.0504
108,0.026068,2.0709,0.39663,-0.30451,1.9925
109,2.8972,0.21837,-0.10802,2.1349,7.3406
110,2.4673,-0.10856,-0.18455,1.3536,3.6577
111,-2.7701,1.3862,0.18474,-0.47315,-5.9503
112,-3.9221,-1.2558,2.6199,0.93941,-5.0791
113,-1.003,-2.9431,1.1603,1.1088,5.6748
114,0.94759,-2.7983,-2.1822,-1.3026,10.799
115,2.5273,0.095323,-1.8881,-3.7906,-0.84158
116,0.74729,3.5907,1.6817,0.32832,-13.734
117,-2.9139,1.7719,4.0212,2.122,-8.5105
118,-1.816,-3.6635,0.60392,2.872,8.5273
119,0.74918,-4.4781,-4.9013,-0.33874,15.257
120,0.66758,2.0375,-6.2453,-5.1475,2.3096
121,0.31828,5.6195,1.259,-2.2941,-14.139
122,-1.2003,0.58051,5.8056,4.3692,-12.784
123,-0.90896,-5.6226,1.9653,5.6998,4.6253
124,-0.39289,-4.4822,-3.4257,1.9541,14.248
125,-1.3262,3.5407,-0.56389,-3.632,3.6952
126,-1.0332,3.7999,0.56155,-5.4291,-10.894
127,0.16046,-1.6535,-1.576,-0.28032,-11.299
128,1.2286,-4.167,-2.4239,2.7658,3.4017
129,1.2071,-0.57349,-0.34529,1.657,12.813
130,-0.69693,1.1242,0.82846,-1.4008,2.7878
131,-1.0252,1.4253,-0.74891,-1.0524,-9.1769
132,-0.4748,-1.7377,-2.8909,1.9704,-6.9915
133,0.57205,-1.2619,-0.29006,3.31,4.7668
134,-0.74016,2.1109,0.76461,-0.8185,9.4918
135,-0.24959,-0.15869,0.16448,-2.8547,0.50385
136,0.26499,-0.55294,-2.1399,-1.7947,-8.7074
137,0.15384,-1.1717,-0.1753,2.0676,-4.1367
138,0.63693,-1.4773,0.64591,3.5708,4.6449
139,-0.9098,0.053326,0.099877,-0.31021,5.463
140,-0.16797,-0.36405,-2.5164,-3.1353,-0.28871
141,-0.51988,-2.1371,-1.4718,0.65735,-3.5084
142,0.13865,-0.64986,0.61178,1.1514,-1.0689
143,0.21344,2.0577,1.2801,0.34102,1.4188
144,-0.44339,2.177,3.152,-2.0348,-0.53058
145,0.25971,-1.0585,-0.10227,-2.2672,-0.058909
146,1.4622,-1.2406,-1.101,1.3812,2.2352
147,1.1485,1.3548,-0.5548,3.0404,2.5827
148,-0.19087,1.6541,2.8248,1.7546,0.27844
149,-1.0482,0.40829,1.7636,0.56106,-2.7486
150,-2.2964,-2.565,1.0677,-1.8745,-0.4621
151,-1.7325,-4.4468,-2.7494,-2.451,3.1197
152,1.7223,-1.56,-2.2226,-1.3175,3.2778
153,2.0472,3.781,0.97125,0.33489,-2.0435
154,-0.2724,3.2302,2.5367,1.9496,-5.288
155,-1.5822,0.48141,1.9972,1.8281,-2.4038
156,-0.49912,-3.4752,1.0919,0.069013,6.3157
157,0.67906,-1.7712,-1.5892,-1.5107,8.2606
158,1.4667,1.9317,-0.82858,-3.0759,-0.062867
159,-0.058149,1.244,1.878,-1.5454,-7.8779
160,-2.2939,-2.5463,1.0526,2.12,-5.1163
161,-0.6147,-2.6171,-2.011,2.1777,5.8763
162,2.8379,-0.93525,-2.3898,-1.8018,10.866
163,1.4789,5.5025,-1.32,-1.8328,0.53392
164,-0.23843,4.668,1.7127,0.79948,-10.395
165,-1.3418,-0.68875,2.6192,2.5004,-7.8928
166,-0.56519,-5.0526,-1.1201,0.57761,5.9204
167,1.0314,-3.4135,-2.1383,-2.3015,11.356
168,0.44637,3.6128,-0.2855,-3.3411,1.9112
169,0.097358,4.0054,1.4003,-1.441,-8.6552
170,-0.81358,-2.2922,1.2489,4.1716,-7.2728
171,-0.85514,-6.3714,-0.8939,4.5154,3.8321
172,0.34519,-1.4319,-1.7507,-0.73036,9.7384
173,2.5977,3.8106,1.1011,-4.4371,2.0017
174,1.2335,5.2602,-0.0014336,-3.357,-8.2946
175,-2.073,1.296,-1.6358,1.3326,-7.0106
176,-0.77144,-5.3618,-0.60666,5.0775,4.616
177,0.91432,-4.3308,0.7616,1.5346,11.656
178,1.8387,2.9096,0.46945,-3.3966,2.9207
179,-0.016333,5.8539,0.56479,-5.086,-9.0293
180,-1.6475,1.3032,0.5033,1.0579,-8.393
181,-1.9147,-4.7629,-1.2657,5.2713,4.6629
182,0.89054,-3.8783,-1.9608,3.4114,11.366
183,2.2817,0.87663,0.07626,-2.8455,2.1772
184,-0.47122,5.7501,2.7172,-6.2708,-11.816
185,-2.5123,1.2766,2.6236,-0.88267,-10.623
186,-0.54908,-5.8251,-1.7053,6.069,7.2945
187,0.59321,-4.4894,-3.7482,4.8657,16.05
188,1.3469,1.3945,-1.1769,-4.2997,4.8259
189,-1.3475,5.4031,1.8535,-6.2895,-13.185
190,-0.86853,1.9744,1.9214,-0.041917,-12.545
191,-0.010717,-1.9008,1.2568,6.7346,4.3746
192,0.19626,-1.4988,0.12677,4.2249,15.644
193,1.1541,1.4581,-0.31862,-1.7939,4.0498
194,-0.28731,3.2112,1.092,-5.5187,-13.673
195,-2.0703,0.91475,1.583,-2.1827,-11.286
196,0.58453,-2.9884,-1.292,5.963,7.845
197,0.91941,-1.2282,-3.6759,4.4252,15.913
198,0.68049,1.5439,-2.9972,-3.5372,1.9703
199,0.34798,2.31,1.2674,-5.7351,-14.056
200,0.025522,2.3758,4.0879,1.2447,-12.121
201,0.21732,0.28367,0.82585,6.4197,5.937
202,-0.45088,-1.1497,-3.3152,0.33617,12.953
203,0.53323,-0.94374,-2.1401,-3.9565,-0.050311
204,1.4193,2.4465,0.68124,-3.9122,-10.956
205,0.77406,0.51816,1.0096,1.0031,-6.2336
206,-2.5505,-0.96023,-0.11957,4.507,5.9248
207,-2.5672,-2.9482,-0.092457,2.9665,9.3412
208,-0.19531,-3.4432,-2.0025,-0.26736,1.82
209,3.0208,-1.2475,-1.6541,-5.6817,-6.3704
210,2.8243,3.5154,0.89323,-3.7521,-6.4927
211,-0.93048,4.3999,4.0847,3.2428,0.19846
212,-0.95621,-1.1753,2.8373,8.3058,5.6542
213,0.34324,-4.1484,-1.0307,2.9425,6.3823
214,1.52,-1.7556,-3.7784,-6.679,1.6396
215,-1.5978,2.9621,-0.19799,-7.4949,-5.4281
216,-2.5404,2.9691,3.9036,1.157,-4.9991
217,-0.99441,-3.2327,0.11403,8.8759,3.3384
218,1.1289,-4.2304,-2.9596,3.2537,8.2092
219,1.6661,0.28504,-2.3131,-7.4254,-0.083745
220,0.2306,4.1062,0.45907,-7.6181,-9.29
221,-2.0085,2.6953,3.3909,1.7243,-5.8793
222,0.46242,-2.4697,2.1169,8.24,7.729
223,2.3849,-2.816,-1.979,4.3526,11.664
224,1.4927,2.2546,-3.1214,-6.2196,1.6599
225,0.4172,4.7936,1.4188,-8.0356,-12.747
226,-1.0693,2.178,2.5653,2.5101,-9.0351
227,-0.89528,-3.3135,-0.13532,8.6878,7.81
228,1.7923,-3.3825,-0.79837,3.4397,14.726
229,2.9369,3.3496,-1.0733,-4.4798,1.8914
230,-1.1376,5.4314,2.0092,-5.6861,-13.409
231,-0.58019,-0.0083567,3.482,-0.14687,-9.0769
232,0.81608,-3.9874,-0.62952,4.2239,9.4287
233,0.36378,0.15065,-3.6914,0.95011,15.372
234,-0.60562,2.05,-1.3009,-3.1074,0.35752
235,-1.0868,2.0319,1.8511,-3.0446,-13.993
236,-0.76176,-0.85504,3.3294,0.046205,-7.4464
237,1.39,-3.1332,-0.91262,2.31,7.419
238,3.1573,-1.0462,-4.5609,0.90731,10.088
239,2.0265,3.0548,-0.8623,0.045666,-2.2059
240,-0.49755,2.5339,4.8525,0.10598,-11.99
241,-0.84328,-1.5017,5.562,1.2999,-3.0194
242,-0.96462,-3.9203,-3.5389,1.5556,11.909
243,1.6747,-0.050302,-6.9811,-2.7552,12.505
244,3.262,5.1093,-1.1726,-3.577,-3.6125
245,-0.70906,4.8565,4.6605,-0.96464,-12.174
246,-3.4027,-1.3324,4.3241,3.2446,-5.1226
247,0.19209,-5.9754,-0.84195,5.16,9.8094
248,2.3765,-1.1678,-4.6736,0.16559,14.784
249,0.87761,6.0761,-1.6303,-7.9889,-2.6038
250,-3.4373,2.1241,2.2779,-6.0363,-15.535
251,-2.4966,-6.7459,3.5882,1.5934,-5.9727
252,0.5477,-7.391,-0.91329,5.9574,10.986
253,1.5395,2.1382,-2.7104,-1.1683,13.913
254,-1.0385,8.7076,0.1054,-7.5683,-3.9995
255,-1.1164,1.9033,1.5358,-4.1072,-17.151
256,2.9636,-5.8033,1.0128,4.0695,-5.8494
257,1.8766,-3.1934,-1.1897,6.3122,14.339
258,-1.0956,4.052,-0.35936,1.1985,11.934
259,-1.4954,5.2339,1.5387,-1.3482,-6.2267
260,-0.7549,-1.4359,0.47031,1.2655,-13.11
261,1.2115,-3.143,-1.9809,0.29012,1.5928
262,1.2378,-0.47973,-2.6069,-1.9733,12.501
263,-0.73186,2.3586,-1.1473,0.50569,4.7704
264,-1.3096,1.9979,2.6652,2.9521,-9.0269
265,0.49224,-1.979,0.1909,-0.10272,-8.8774
266,0.27177,-3.4036,-0.79393,-2.9559,4.5922
267,-0.041145,-0.79333,-1.0437,-3.1141,11.018
268,-0.12458,3.2584,-0.070564,2.6685,2.2393
269,-0.84311,2.2373,0.3415,5.8684,-6.4776
270,0.8917,-1.932,0.55826,1.604,-6.8538
271,-0.15763,-1.6303,-0.31205,-5.4392,1.4753
272,0.050358,-0.22975,-1.6673,-3.8952,7.053
273,-0.74262,2.631,-3.0877,3.4925,0.90512
274,-0.63691,0.35544,-0.64535,4.616,-4.4279
275,1.2766,-0.81338,1.6618,-0.95339,-3.9302
276,1.4436,1.4148,2.677,-3.9916,0.84512
277,-1.9386,-0.12286,0.28022,-3.1087,4.9658
278,-2.8813,-2.8963,-1.1308,0.61718,0.91449
279,-1.1224,-3.1592,-1.0271,2.4841,-5.2283
280,0.48498,1.1688,-2.2523,-0.34622,-2.3097
281,1.484,3.7062,-0.17528,-3.2523,2.3747
282,0.68228,2.2278,1.757,-4.1845,0.62684
283,-1.9852,-2.2016,0.52594,0.57632,-3.667
284,1.784,-3.8516,-0.95636,3.3745,-0.86552
285,2.4938,1.2879,-2.2521,2.3786,2.062
286,-1.7387,6.8694,2.4336,-2.2712,1.1562
287,-2.8829,1.2959,3.8892,-2.2323,-5.23
288,-0.96416,-6.7235,0.25195,2.8179,-2.5348
289,0.6776,-4.6748,-2.9517,2.704,4.6537
290,0.19001,2.1431,-0.88223,-3.3167,3.8014
291,0.92284,5.435,0.6444,-4.0966,-4.4895
292,0.74102,2.1029,0.48019,2.2542,-6.7858
293,-0.24423,-3.4348,-1.5675,4.3579,-0.2568
294,-0.76879,-3.7858,-1.0577,-0.54451,7.3015
295,-0.20015,0.39156,1.41,-4.1359,5.0769
296,0.020288,2.1877,1.6407,0.472,-2.3088
297,-0.87607,0.89265,-1.3546,3.0882,-7.3655
298,-2.34,-3.2693,-0.24896,0.26214,-2.1339
299,-0.51744,-4.1627,-0.017964,-3.1441,4.6581
300,0.92948,-1.5464,0.68235,-3.2659,6.6154
301,-0.012312,3.5462,0.20395,-1.3762,-2.0235
302,-0.93675,2.9325,0.9331,2.0767,-10.572
303,-0.07648,-0.29216,1.1527,3.6179,-5.8431
304,0.61951,-3.288,2.84,-0.93197,6.1317
305,1.1144,0.43425,0.80336,-5.1798,9.1727
306,0.78493,3.0234,-2.2356,-0.80687,-0.55407
307,0.43573,1.0913,-0.19735,5.1022,-7.8749
308,-0.11668,-2.1438,1.6719,4.015,-4.732
309,-1.1277,-2.7928,0.88078,-2.4735,4.7571
310,1.6134,-0.77338,-1.1422,-4.7998,8.1888
311,3.3734,2.507,-2.0226,-0.45881,1.2643
312,-0.4884,1.7633,0.7821,3.8619,-6.8352
313,-2.4357,-1.6627,4.278,2.1596,-4.9689
314,-2.7898,-4.0795,0.5086,1.1408,3.2133
315,1.3512,-0.97351,-3.342,-2.0404,7.5537
316,2.7594,4.0646,-4.3447,-1.8528,2.2171
317,-0.39947,3.818,-0.1431,-0.18996,-8.9627
318,-5.0499,-1.8169,1.322,2.1458,-10.788
319,-4.7422,-4.4871,0.90566,2.4152,3.3664
320,3.0511,-3.0745,-1.6604,-1.2259,14.187
321,3.2025,4.4443,-3.4934,-7.2121,4.9297
322,0.38224,7.509,0.64676,-6.7123,-12.386
323,-2.7449,0.0065488,4.4336,4.6196,-16.068
324,-1.4289,-8.0485,2.8717,11.194,4.4653
325,2.2466,-5.3487,-2.2283,2.7039,23.243
326,2.8487,5.2777,-3.8139,-9.8892,8.7223
327,1.1324,8.1288,0.51362,-8.2584,-17.424
328,-1.0134,1.1909,3.0192,5.6463,-18.587
329,-1.7969,-5.5942,2.4249,10.34,5.5932
330,1.7825,-3.7094,-2.7968,2.618,22.681
331,3.3843,4.467,-4.8119,-7.6463,8.5576
332,-0.66164,6.7874,-0.83865,-7.5238,-15.716
333,-3.8823,-0.1274,5.2604,3.0872,-18.042
334,-0.89597,-8.1779,2.1111,9.5947,3.9594
335,2.5998,-5.6063,-4.7734,2.4001,22.985
336,2.3193,4.2653,-4.3082,-7.8737,7.8752
337,-0.31189,7.4527,3.4193,-6.7343,-19.036
338,-2.4221,-0.2049,5.6517,5.2989,-19.813
339,-0.79862,-7.3753,0.49703,10.085,8.6033
340,3.2714,-5.757,-5.8813,-0.20559,25.234
341,2.1887,5.1682,-5.3141,-9.291,6.7763
342,-2.319,8.4003,3.7831,-6.154,-20.151
343,-5.1687,-1.0424,7.6918,4.7675,-19.104
344,-0.475,-8.1949,1.3258,8.7192,8.5178
345,3.4555,-4.4527,-8.1165,0.95165,24.564
346,2.5498,6.5919,-4.8209,-10.777,4.4603
347,-0.9732,8.1456,3.9545,-6.6906,-23.57
348,-3.6562,-1.5023,7.4615,6.5994,-17.978
349,-0.16913,-10.195,1.086,10.435,11.983
350,4.5309,-3.3733,-8.53,-0.84167,26.704
351,2.9031,8.3739,-5.018,-11.588,3.468
352,-1.1592,6.8822,7.3917,-5.0099,-26.359
353,-2.5427,-2.2626,10.628,8.8167,-18.568
354,-0.045307,-8.3193,-0.36077,10.702,15.791
355,1.4329,-1.2292,-9.4464,-3.1167,29.379
356,-0.19614,7.6328,-5.4516,-13.208,3.7077
357,-0.63272,3.1843,4.1171,-5.2484,-26.666
358,-0.37709,-3.5126,5.9847,9.4012,-17.949
359,0.34331,-3.2201,0.2299,9.8566,14.583
360,-0.87894,-0.23371,-5.0251,-3.2805,23.255
361,0.1469,3.1422,-0.75779,-10.686,-0.18643
362,0.87656,1.8412,3.6697,-2.3763,-22.832
363,-0.17185,0.57919,3.1622,7.0551,-11.14
364,-2.1072,-1.0473,-1.0159,7.6768,12.795
365,-0.50942,-3.461,-3.2523,-2.0116,16.831
366,1.2936,-0.8748,-2.8127,-9.225,-0.87992
367,1.6548,3.1769,2.0674,-4.4094,-16.006
368,0.25794,2.9394,2.9141,4.6267,-9.4161
369,0.5378,-0.86754,0.28306,6.9886,8.4467
370,-0.21424,-3.5098,-2.7217,1.0468,12.586
371,-0.83696,-0.87338,0.03177,-3.61,3.277
372,-0.21899,3.2316,2.9963,-3.7761,-6.987
373,1.9912,1.4333,1.0938,1.0313,-5.2382
374,0.95012,0.18833,-1.8937,4.421,1.5679
375,-0.7735,-0.47193,-0.75472,0.81291,4.1164
376,-0.81435,-1.5799,0.96196,-2.3309,1.1216
377,0.031438,-0.69106,0.069541,-0.37233,-3.1538
378,0.51288,-0.18948,-0.2043,0.38863,-3.1468
379,-0.40561,-0.062757,0.31978,0.51076,-0.081297
380,-1.3754,-0.40766,1.0043,-0.4699,2.5682
381,-0.87902,-2.4098,1.4104,-0.15267,1.9987
382,0.45431,-1.5403,-1.6411,0.82796,0.069338
383,1.3328,1.2781,-1.8252,1.9459,-1.2074
384,-0.94184,3.9403,1.6138,-1.5659,-2.5438
385,0.16338,2.5649,4.3754,-2.0967,-2.6641
386,0.52505,-0.34908,0.98795,0.55134,0.83706
387,0.015694,-1.8194,-2.9651,1.3506,5.2848
388,0.90335,-0.58581,-1.5291,0.0082208,1.3589
389,0.17937,2.2653,0.74076,-2.1736,-2.7095
390,0.057925,1.9347,-0.29148,-1.2483,-3.651
391,-0.69723,-0.26129,-0.26317,2.1003,1.3995
392,-2.0024,-2.7065,-0.30367,2.1998,5.5782
393,-0.45242,-2.9694,-0.52428,2.0973,3.3958
394,0.83372,1.2669,-1.0342,-2.6306,-2.3964
395,1.7282,3.7174,-0.17799,-4.2226,-3.7063
396,-1.068,1.505,1.5455,1.0146,-2.0319
397,-0.8541,-2.2092,0.68617,3.3321,0.84708
398,-0.21198,-2.5527,-1.5982,0.36824,4.0891
399,1.1668,0.7251,-2.6994,-3.014,4.8479
400,1.4156,3.1899,-0.26049,-3.1236,-2.3608
401,0.21789,1.064,1.4079,-0.13304,-6.8245
402,-0.81912,-3.2921,0.45908,1.8509,-2.8502
403,-1.3946,-1.9786,-1.2323,2.4032,5.2427
404,0.52885,0.61753,-1.3856,-1.5023,8.3591
405,1.5376,0.74193,-1.3134,-3.503,-1.0332
406,1.8843,0.49019,0.40078,-2.9006,-8.7525
407,-0.45457,-0.48103,1.418,1.4364,-5.997
408,-0.53553,-0.20592,1.9825,3.1317,4.0037
409,2.2335,1.2026,0.47562,2.7714,8.7215
410,1.2111,1.4393,-0.2852,-1.4127,2.7747
411,-1.348,0.76741,-1.2592,-2.531,-6.5437
412,-1.6609,-0.16423,-1.4297,-0.012071,-7.6706
413,-0.056698,-0.99442,1.6167,3.5076,2.5693
414,0.46511,-0.43665,0.76851,3.1161,9.6697
415,0.84325,0.5545,-0.78768,-3.9842,3.0581
416,0.056596,1.6961,-0.25019,-5.3229,-7.406
417,-0.2554,0.45356,0.7418,0.58206,-6.2882
418,-0.53053,-0.73704,-0.84358,4.2036,3.9697
419,2.5727,-1.6854,-1.2475,4.0636,8.5093
420,2.5911,0.97882,-0.74025,-1.5021,0.15505
421,0.2698,4.5724,3.5564,-2.7438,-6.5932
422,-1.1051,0.35967,5.2948,-0.022171,-4.2717
423,-1.4535,-3.3411,0.62064,3.3784,5.1672
424,0.54555,-3.9082,-4.9299,1.5793,8.5185
425,0.14915,0.86493,-3.785,-4.9022,0.61555
426,1.6893,3.3096,2.2446,-5.7096,-7.4472
427,1.6475,3.4035,3.2861,0.71532,-4.2625
428,-2.3712,0.27163,1.6847,5.4337,5.9672
429,-2.0421,-3.0128,-1.1807,1.8391,7.6699
430,0.22596,-4.317,-4.3887,-2.6284,0.5646
431,2.0269,-0.32567,-3.3722,-3.6087,-5.2211
432,1.0193,3.5922,2.7969,-0.54677,-5.0774
433,-0.15125,2.9561,5.0216,2.8744,-0.44428
434,-0.78891,-1.3619,2.4801,3.5384,4.5742
435,-1.1731,-4.9546,-3.1237,0.7136,4.1638
436,-0.081772,-3.1016,-3.9955,-3.0956,-1.4081
437,1.7894,2.4972,-2.3404,-2.6057,-5.3286
438,0.94935,4.3514,2.0998,1.7032,-1.736
439,-1.2511,2.246,2.0671,1.8,3.5022
440,-1.1215,-3.71,-1.1764,1.4564,3.3938
441,-0.62568,-3.69,-2.4652,0.18383,1.4054
442,0.023507,-0.51954,0.73667,0.17698,-1.4622
443,-0.018082,2.8414,1.9838,-0.10523,-2.894
444,-0.53244,1.1045,0.54892,-0.14036,-0.65406
445,2.243,-1.9575,-0.08215,-0.57891,1.2506
446,3.7501,0.18696,-0.53586,1.5881,0.65708
447,-0.57292,3.4423,0.55722,0.52338,0.38759
448,-2.9261,0.98571,2.0961,-0.53505,-0.80005
449,-1.9168,-2.9038,-0.19037,0.82054,1.3502
450,3.0113,-2.7655,-2.4998,0.68745,5.4389
451,5.069,2.5108,-2.2909,-2.862,0.87624
452,0.79789,5.3061,2.0162,-3.0577,-7.3606
453,-3.9865,1.1803,6.5657,1.7884,-6.4585
454,-2.9671,-5.4914,1.5765,7.9404,4.7781
455,2.362,-4.1548,-6.5036,3.1091,11.357
456,3.9931,1.0579,-5.7174,-7.2768,4.021
457,-0.80557,7.2473,3.3069,-7.2062,-11.495
458,-2.9773,3.3899,8.307,2.8134,-11.701
459,-0.48715,-3.5952,3.5495,10.574,4.2243
460,2.7063,-4.2968,-6.7545,3.3612,15.98
461,0.86819,1.5591,-7.1208,-9.8554,5.1108
462,-2.0809,5.8046,1.8314,-9.3114,-14.33
463,-3.3213,0.73274,6.2683,4.3014,-12.335
464,-0.02909,-6.9134,0.89246,11.279,7.1881
465,2.688,-3.2916,-3.9432,3.7259,13.849
466,2.638,5.09,-3.7333,-8.8046,1.046
467,-3.0822,6.6355,2.5302,-7.3001,-16.84
468,-3.831,-2.1766,4.2142,3.7611,-11.801
469,1.7713,-9.38,-1.723,8.6931,9.6708
470,3.7023,-1.4069,-4.9902,-0.24516,18.509
471,0.59971,6.7491,-1.3128,-9.343,-0.79105
472,-2.4001,5.8934,4.4043,-4.013,-19.366
473,-1.9618,-2.6482,3.215,6.3065,-9.2881
474,0.76743,-6.8065,-1.5289,6.8453,14.109
475,1.9287,-0.66336,-6.0014,-0.38701,17.636
476,-0.50324,4.1421,-1.6683,-6.4844,-4.7129
477,-1.0046,3.2639,3.9511,-2.1369,-20.171
478,0.061412,-2.4184,3.8742,3.8953,-7.1305
479,1.1803,-3.0021,-2.9826,3.75,15.144
480,-0.45025,-1.5368,-2.9771,-3.1982,17.228
481,0.17872,1.6713,0.75191,-5.0924,-5.1451
482,-0.030015,0.037395,4.6696,0.54362,-18.586
483,0.209,-1.5565,1.4594,5.853,-5.3142
484,1.6618,0.078221,-3.8652,2.72,14.117
485,1.5065,2.9644,-2.9859,-2.5559,13.068
486,-2.0982,2.0321,1.0524,-4.5736,-4.1211
487,-2.1879,-1.7253,3.8937,-1.1409,-15.206
488,0.50711,-4.4365,0.98027,5.3242,-2.2405
489,1.8221,-1.0158,-3.0078,3.5599,13.865
490,-0.37859,4.3395,-2.1964,-2.5877,8.3829
491,-0.98592,3.6109,1.8392,-3.969,-10.753
492,-0.57452,-2.4806,1.8977,-0.67691,-14.729
493,0.2117,-4.667,-1.4463,3.4483,1.8856
494,1.5082,-2.3273,-0.9531,2.0979,11.692
495,0.20644,2.9591,-1.4112,-1.7608,4.3505
496,-1.4856,3.2413,-0.42186,-2.5887,-9.4819
497,-1.6728,0.096337,1.2799,-0.40974,-8.1511
498,0.36971,-3.2572,0.92042,2.8717,6.7758
499,1.1118,-1.1753,-1.6712,0.61184,10.894
500,-1.7872,2.5221,-1.2567,-3.0459,-0.65114
501,-2.4474,1.4467,0.78532,-3.2589,-11.825
502,0.33481,-3.1504,1.6649,0.48236,-7.5652
503,1.7961,-2.1735,-0.25511,-0.42747,7.6809
504,0.72507,1.8239,-1.8531,-1.4506,8.902
505,1.447,3.4103,-2.398,-0.61767,-5.9268
506,-1.1689,3.0074,0.81919,2.1944,-11.008
507,-1.4072,-0.99294,5.0212,1.0496,-0.2035
508,-1.2812,-3.2204,2.2367,-1.0656,9.9894
509,-0.74043,-2.5912,-3.6042,-3.0396,5.6609
510,0.43674,1.8663,-2.7157,-2.1916,-6.3549
511,-0.42165,3.1889,1.174,0.62152,-10.364
512,-0.55473,-0.6718,4.7408,1.9946,-1.9509
513,0.43608,-3.7799,1.8737,1.0342,6.8709
514,1.3154,-0.31731,-2.2682,0.19622,6.7567
515,2.0446,4.4584,-0.96403,0.094089,-0.95502
516,-0.24144,5.0677,2.5671,0.1292,-8.8185
517,-0.81122,-1.5554,5.5172,0.66116,-3.5315
518,-1.4817,-5.8662,-0.2312,1.5848,6.701
519,0.57328,-3.3033,-6.1301,0.40684,8.5601
520,1.3176,2.1396,-2.6901,-0.52614,-0.36842
521,0.22761,3.9534,3.1117,-0.018959,-8.5686
522,-1.0263,-0.082703,4.5063,1.072,-6.2598
523,-0.96052,-4.18,1.1456,1.9039,5.5938
524,1.0022,-2.7446,-3.0725,0.093387,9.7378
525,0.46076,2.3834,-3.1261,-4.1956,0.64621
526,0.11469,1.8073,1.5131,-2.8812,-7.0827
527,0.20542,-0.75603,2.543,0.42857,-6.318
528,-0.2671,-2.3185,0.23705,2.4762,3.0284
529,-1.7666,-0.78482,-0.56526,3.1569,8.8604
530,-0.54724,1.1202,-0.27654,0.92174,3.7704
531,2.7299,1.2515,2.2755,-3.6009,-6.0332
532,2.2881,0.076613,2.5105,-4.1879,-8.3715
533,-1.5223,-0.10681,2.4502,0.20843,0.13494
534,-3.4463,-2.7355,0.52584,3.95,7.5888
535,-1.2919,-3.5487,-3.498,3.2995,7.0895
536,2.4029,-1.748,-4.4635,-2.008,-1.3185
537,3.2482,3.246,1.2547,-6.3135,-7.2429
538,-0.091345,4.42,4.2476,-2.9401,-6.6416
539,-1.4509,-0.30522,3.6094,5.3337,2.024
540,1.2034,-5.6489,-0.76275,7.9047,8.8913
541,1.775,-2.6038,-4.8924,0.087625,5.2614
542,0.60866,3.2458,-0.72374,-7.7756,-3.6633
543,1.0308,5.2931,3.0024,-3.1161,-7.3056
544,-1.783,1.8253,2.7147,5.4737,1.3365
545,-2.0295,-2.8493,-1.3261,6.2108,9.3119
546,1.7326,-3.4327,-3.3647,0.11708,6.1154
547,2.6001,2.4989,-1.7879,-5.5251,-3.3506
548,1.1318,5.1697,0.88886,-3.595,-9.1249
549,-2.3708,0.7076,4.0437,3.208,-4.4838
550,-0.48999,-3.5616,3.1397,7.9389,7.5755
551,2.4636,-3.4561,-1.9673,2.3803,11.351
552,2.6925,3.1254,-4.1573,-6.685,1.6745
553,-0.7292,6.3123,-1.7018,-6.1915,-12.365
554,-2.0473,1.3525,2.5635,2.2948,-10.146
555,-0.65157,-3.879,2.8313,7.6521,8.7315
556,2.4936,-4.2195,-1.1274,2.6276,16.812
557,0.68977,0.42068,-3.2113,-5.0362,1.8407
558,-1.4396,4.2632,0.21737,-7.0279,-15.457
559,-2.9407,0.19412,4.1338,1.3244,-9.9235
560,-0.32129,-6.5987,2.5667,5.7216,11.296
561,2.4692,-4.2487,-4.6518,-0.86097,16.862
562,1.0059,5.5865,-4.8303,-5.5165,-1.1963
563,-1.5537,5.6328,-0.067929,-1.6714,-18.672
564,-0.30685,-2.1241,6.2332,4.8368,-10.457
565,0.70525,-5.5841,4.5641,6.5056,11.782
566,-0.51871,-2.3597,-1.2476,-1.12,15.456
567,-1.3487,3.0946,-3.782,-5.8376,-1.4404
568,-1.0163,1.2222,-0.63621,-1.4985,-14.669
569,0.90267,-1.424,1.7672,3.436,-7.6996
570,1.0145,-1.8208,2.1174,0.86502,8.0672
571,0.90236,-0.239,-0.21902,-2.2993,12.428
572,-0.37016,0.93778,-2.9831,-1.6891,-0.58461
573,-0.97153,1.0116,-0.25763,0.16197,-7.5729
574,0.13779,-0.81791,3.7097,1.3403,-2.6496
575,0.58891,-0.14435,2.504,0.80917,6.7017
576,-0.1213,0.46615,-4.1658,-2.3505,7.3566
577,-0.65486,0.41757,-3.1956,-2.7762,-1.4868
578,1.0325,-1.5393,3.7563,0.85737,-7.2225
579,1.0315,2.5144,2.3696,3.0008,-2.0065
580,-2.2144,4.5685,0.32558,-0.0026035,3.1365
581,-3.0469,-0.49394,-0.21061,-2.1807,3.2529
582,-0.041669,-5.5834,-2.2371,-0.12705,0.76018
583,3.5324,-2.1015,-2.9433,-0.67734,-1.8763
584,-0.26638,5.602,-2.2271,-1.6101,-3.9963
585,-3.5973,3.9179,4.9677,-0.19009,-4.8109
586,-3.637,-6.1393,3.3516,2.4196,1.3761
587,0.4918,-7.8682,-3.4777,1.0628,7.7687
588,2.5183,-0.29103,-6.49,-3.5299,4.855
589,1.9101,8.1883,-0.42981,-5.0455,-6.9265
590,-2.5572,7.5547,6.0256,-0.28242,-11.503
591,-2.3381,-4.4133,3.1371,5.847,-2.1937
592,0.81557,-8.533,-4.0631,5.2673,10.41
593,3.5513,-0.45893,-5.7601,-4.01,9.9833
594,1.6452,9.1236,-0.085049,-7.3165,-6.4821
595,-1.3192,7.0347,6.275,-2.0065,-14.289
596,-0.885,-1.9077,3.5598,6.59,-1.2764
597,0.48802,-6.9531,-4.7217,6.6697,14.318
598,0.012767,-1.2105,-6.2342,-3.4616,11.589
599,-0.41036,5.0713,-0.2383,-7.1523,-5.5027
600,-0.39313,1.2796,3.5565,-1.6337,-13.945
601,-1.93,-4.4663,2.7678,3.7536,-3.1709
602,-2.0569,-5.6029,-1.7533,4.8701,9.823
603,0.54294,0.12896,-3.4933,0.088056,9.0386
604,1.5033,4.7917,-1.7609,-4.1577,-4.6036
605,-0.80696,1.6725,2.4284,0.10165,-12.96
606,-1.2042,-3.349,4.0228,2.3644,-5.4662
607,0.38262,-4.1635,0.083398,2.6807,9.5189
608,1.9743,0.24479,-4.8804,-0.82339,10.17
609,1.0022,5.1865,-2.9976,-2.0768,-2.6913
610,-0.1254,2.2652,1.9659,1.071,-10.923
611,0.43518,-3.0416,4.406,4.6295,-4.2621
612,-1.9312,-1.5461,0.47388,2.6527,7.9013
613,-0.20433,0.026789,-3.8043,-3.6369,10.001
614,0.34998,3.2722,-2.7326,-4.9509,-3.1154
615,0.54915,1.5784,2.3272,-0.36389,-11.143
616,1.0135,-0.52854,2.4875,4.9201,-4.6234
617,-0.54288,-0.5935,-0.24527,5.1304,6.7565
618,-0.5798,-1.0341,-1.1942,-3.0382,8.6414
619,0.54604,-1.3105,-0.77884,-6.763,0.55455
620,0.36872,1.5894,2.1351,-1.7217,-6.4418
621,-0.71334,1.1749,1.7901,5.8729,-4.4678
622,-1.8341,-1.2796,0.061842,4.1099,2.4637
623,0.59607,-3.9264,-2.893,-1.6098,7.4862
624,1.6828,-0.015744,-3.1299,-4.9128,3.9269
625,0.7278,5.0918,1.2082,-0.57503,-6.2327
626,-1.0955,2.332,4.5218,4.6601,-9.3351
627,0.46017,-0.8674,2.1964,3.6991,0.77298
628,-0.52243,-2.2422,-0.63198,-1.6331,10.239
629,-1.9832,-1.1438,-2.439,-3.7127,8.4346
630,0.49007,0.91546,-1.6591,0.39976,-4.4103
631,0.21186,-0.018313,1.2459,3.4054,-10.646
632,-1.9513,-0.34222,1.4125,2.4178,-4.3736
633,-0.41769,-0.66665,2.1097,-1.8446,6.4566
634,1.7177,-0.14873,-1.2663,-1.0312,8.3608
635,1.1471,1.8309,-2.8823,-0.8626,0.24345
636,-1.2786,2.571,1.186,-0.26181,-9.6149
637,-2.4453,-0.93074,2.6567,2.9937,-6.9317
638,-1.1764,-3.8905,0.99118,2.5467,6.7976
639,1.0135,-3.4722,-1.7464,-2.2282,10.656
640,1.9193,1.8065,-3.3335,-4.492,-0.75865
641,-0.21643,5.0607,0.73643,-2.0062,-12.597
642,-3.0667,2.3017,4.196,4.2719,-6.197
643,-1.5085,-3.6125,1.1602,4.0991,8.6263
644,0.58215,-5.5219,-4.5529,-2.5453,11.497
645,1.6881,0.4837,-4.1076,-6.395,-1.006
646,-1.6814,6.6554,1.7772,-1.8908,-14.538
647,-2.922,1.4339,4.1478,4.5785,-8.2106
648,0.05934,-5.0147,0.5859,5.3893,9.5811
649,1.1115,-2.1454,-4.2763,-2.1276,14.817
650,1.9992,2.8451,-3.7219,-7.0816,-1.6266
651,1.0668,4.9174,0.72642,-2.9639,-14.458
652,-1.6399,1.4099,3.6279,7.2623,-6.7845
653,-1.537,-4.3659,1.1085,7.4862,9.0504
654,0.26727,-4.7431,-1.8539,-2.0802,12.031
655,-0.10937,0.15615,-3.695,-8.1066,0.39214
656,-0.079261,2.1565,-0.38291,-3.0853,-11.619
657,0.44247,0.15293,3.2146,6.228,-10.485
658,1.5509,-2.8512,1.1381,6.6923,4.6594
659,1.5239,-0.29462,-1.3773,0.71139,13.436
660,-1.9609,4.3442,-1.5582,-5.3615,4.9582
661,-1.6024,1.1021,-0.059814,-0.95568,-6.6936
662,1.6342,-4.2875,-1.0325,6.1103,-6.1974
663,1.5554,-1.8644,-2.1313,4.1666,3.7766
664,-1.0805,3.4007,1.9804,-4.4237,6.8264
665,-1.2805,1.7461,1.885,-5.7619,1.4662
666,-0.19979,-2.5992,-1.5951,1.2332,-3.0324
667,0.35179,-2.0901,-4.0843,5.9936,-2.4847
668,0.0012951,1.8481,-0.3705,1.9727,-1.4636
669,-0.69549,3.1151,2.2789,-3.5784,-0.14276
670,-2.4875,-0.64891,1.1522,-3.9542,2.1158
671,-1.9645,-5.2873,-0.72187,1.0085,-0.55491
672,1.1014,-3.5599,-1.397,2.7138,-3.8188
673,2.0008,3.1238,-2.0974,-0.88368,-3.1364
674,1.1063,5.1933,0.17086,-2.5033,0.23587
675,-3.0244,2.4546,2.9539,0.32174,2.451
676,-0.73057,-3.5648,1.9788,1.4566,3.1269
677,0.63259,-4.4069,-0.57618,1.7002,1.6182
678,1.3699,1.0564,-0.90875,-2.3432,-2.5097
679,-0.0016891,5.0829,1.5291,-3.3083,-3.5625
680,-1.2137,1.1201,0.092532,1.7282,0.59704
681,0.65088,-4.9747,-1.5229,5.6739,5.0459
682,1.3607,-1.8186,-1.6671,0.71613,4.1487
683,0.15907,3.8623,-0.5583,-3.8073,-1.4321
684,-3.15,3.6974,0.7694,-5.0022,-5.1496
685,-2.1119,-3.0338,1.6743,1.2667,-0.19176
686,-0.23803,-6.8444,-2.3183,5.6421,5.3125
687,1.0148,-1.1788,-2.3352,-0.86358,4.2304
688,-0.32098,4.8097,2.0917,-4.5791,-3.1404
689,-0.51299,2.4454,3.4796,-1.5476,-8.7684
690,-0.30406,-0.67046,1.9796,2.0866,-2.983
691,-1.1267,-2.1161,-0.25351,0.90472,6.5121
692,-0.85046,-1.0094,-1.771,-1.8101,5.0785
693,0.65128,-0.36385,-1.6575,-0.06306,-3.6783
694,0.65137,1.5393,0.98396,0.96598,-7.2724
695,-1.0651,1.3972,1.4829,-0.76048,-1.9293
696,-0.50894,-0.67605,0.14231,-2.0314,4.8924
697,0.8615,-1.1557,-0.33063,-1.2047,7.8053
698,0.049686,1.8381,-1.5164,-0.2994,2.1726
699,-0.74279,0.81761,-0.95271,1.4881,-6.5607
700,-0.95236,-2.4149,1.5678,2.06,-6.5774
701,-0.93603,-1.5545,-0.47923,-0.95324,3.6382
702,-0.68345,0.95913,-0.97763,-3.2147,6.6489
703,-1.7418,0.85261,-0.64356,-1.116,-1.0155
704,-0.092684,-1.5769,-0.0059928,1.4693,-7.9931
705,4.032,-0.92165,-0.33916,0.1363,-4.0685
706,2.5965,2.9497,-0.61332,-2.3158,4.3708
707,-0.67943,5.5575,1.4789,-1.7148,5.0108
708,-0.74008,1.1538,1.9096,2.9792,-1.5474
709,-1.1019,-5.7315,-1.1552,5.5956,-2.9836
710,-0.69527,-4.9558,-1.4726,2.6566,0.53797
711,-1.574,0.80701,-0.35935,-2.7843,1.1417
712,0.3768,4.3035,1.1521,-3.6898,0.79548
713,0.70799,2.1242,0.87961,0.94213,-0.074178
714,0.070312,-3.0129,-0.44256,1.4803,-0.25914
715,-2.6305,-3.4011,-1.0316,1.1195,-2.0345
716,-0.049637,0.32958,0.22512,-0.50574,-0.26122
717,2.5953,2.5371,-0.40178,-1.0481,1.2583
718,0.97537,1.8199,0.08965,-3.0496,0.78658
719,1.5877,0.040238,0.32138,0.728,-3.2847
720,-1.178,1.2672,0.53066,4.274,-2.8903
721,-3.0714,0.27643,0.79977,1.9619,1.9795
722,-0.10607,-3.8754,0.93957,-1.6397,4.175
723,2.9852,-1.4635,0.41527,-2.0994,1.886
724,1.165,5.9731,-0.78392,-0.58057,-4.4251
725,-1.7781,5.9518,-0.25694,2.5763,-5.3032
726,-2.2365,-1.1426,-0.098687,4.6652,-0.83695
727,-0.56594,-7.013,-1.1371,1.29,4.8885
728,0.90264,-3.9953,-1.4612,-4.2734,6.1434
729,0.66803,2.6305,-1.396,-3.7923,-1.7254
730,0.43558,4.355,0.25717,0.82515,-9.0158
731,0.7204,0.081363,2.0819,3.8192,-4.1791
732,0.33353,-1.9546,2.58,2.5651,6.6231
733,-0.22055,-1.0676,1.0752,-0.90783,8.6001
734,-1.0509,1.8333,-1.9526,-1.9741,-0.27518
735,-1.8323,1.5111,-4.0605,-0.47314,-7.2706
736,-0.45223,-1.6331,-1.5711,0.55275,-3.3482
737,0.11655,-3.932,1.9692,0.023659,3.4362
738,-1.0458,-1.9052,2.2485,-0.59526,3.4547
739,0.62835,2.1724,-0.85226,-3.3231,-2.2261
740,1.4913,3.2384,-3.266,-2.9139,-4.4868
741,2.222,1.0985,-0.48542,1.9293,-0.49701
742,1.3629,-0.18159,4.3176,3.4713,4.6504
743,-1.564,-1.0647,4.3649,0.36011,4.7371
744,-3.161,-1.3963,-2.6115,-0.60238,0.73926
745,-1.7915,-2.5592,-6.4472,-1.5198,-1.2525
746,0.46923,-2.1882,-3.9281,-1.876,-1.5245
747,-0.056682,1.6348,1.2944,-1.1477,0.27071
748,-0.29957,3.5684,5.4538,-0.48781,-1.7803
749,-1.2345,1.3339,2.4134,1.3091,-2.4983
750,-1.8377,-1.2449,-3.0833,1.6086,0.42217
751,0.16256,-2.8397,-4.3013,-0.87436,0.98408
752,1.8045,-1.3466,-2.6202,-4.5962,-1.1055
753,1.0233,2.413,1.718,-3.4125,-2.0455
754,0.27918,2.3164,3.1873,0.25851,-0.86243
755,-0.2047,-0.81042,0.68815,3.2279,2.4182
756,-0.1188,-2.0544,-2.8421,0.84376,5.0169
757,-1.0793,-0.82452,-1.5904,-2.0141,2.7417
758,-1.7784,2.1387,0.99287,-1.5135,-3.0256
759,-0.65976,-0.077914,1.658,0.60494,-4.9628
760,1.4469,-1.5912,0.017857,1.0623,2.1088
761,1.3862,-0.39191,-1.5474,-0.050641,4.6582
762,0.18681,1.2239,-0.28709,-1.8831,-1.7647
763,-0.87896,0.77321,2.5413,0.81266,-7.8781
764,0.57174,-0.64728,2.6822,2.3214,-1.2896
765,-0.47543,-2.339,-2.1201,1.1576,8.563
766,2.3864,-1.0212,-4.3974,-1.8264,7.04
767,1.7348,1.9462,0.35852,-2.3723,-4.2992
768,-1.6167,2.3676,4.3995,-0.14593,-9.1003
769,-2.6377,-0.13861,3.0825,3.5874,-2.0023
770,-3.2828,-1.7633,-2.1791,2.6588,9.9305
771,0.9468,-4.5502,-5.0061,-3.397,10.552
772,3.2755,-1.2545,-2.2921,-5.4768,-3.2046
773,1.4698,4.8467,2.6852,-2.0185,-12.582
774,0.38199,4.6205,5.7526,3.4458,-7.2646
775,-0.048879,-0.18288,2.2887,4.5016,7.8538
776,1.6363,-3.4847,-3.9029,0.43296,13.278
777,1.4501,-1.7268,-3.4117,-2.8827,1.8944
778,0.62124,2.8084,0.52045,0.7479,-10.064
779,0.75781,1.9773,2.44,4.7925,-5.8855
780,0.92751,-1.009,0.02115,5.0196,7.518
781,-0.30842,-0.40277,-1.8428,-1.0656,12.464
782,-0.66738,-0.107,-0.19709,-4.3272,0.46712
783,-0.76567,0.86434,2.1639,-0.58067,-9.5511
784,-0.68336,0.83553,0.55003,2.3691,-4.0085
785,-1.1111,-0.35702,-2.5291,0.2476,6.7885
786,-0.43418,-0.75523,-1.9805,-3.6446,7.9109
787,0.654,-0.24219,1.0901,-3.9252,-1.9258
788,-0.9926,1.4912,0.89363,-0.22738,-10.523
789,-0.83583,1.0455,-0.51469,2.425,-5.1322
790,0.40289,-2.3703,-1.3239,2.5021,5.0544
791,0.97768,-1.3407,-1.1218,-1.2215,8.2065
792,0.80419,0.34867,0.34449,-4.4587,0.15379
793,-1.7561,2.2587,0.96224,-2.7144,-8.7173
794,-3.0389,0.93446,2.2313,3.0577,-4.0577
795,0.14582,-3.1385,-2.0189,2.9529,6.7822
796,0.639,-3.5014,-4.0489,-1.7711,7.3442
797,0.19409,-0.77452,1.1451,-4.1274,-2.3733
798,-0.0098991,3.0346,3.7974,-1.7065,-11.095
799,-0.74046,0.52243,1.5314,3.8583,-6.2543
800,-0.95443,-2.1811,-4.19,4.2747,6.3455
801,1.6174,-2.7281,-5.5332,-1.2747,9.6685
802,0.36138,0.90468,-1.6577,-5.1106,-0.3527
803,0.16929,2.36,5.6955,-1.1779,-9.4472
804,0.88402,0.49263,5.4898,4.1515,-4.7159
805,-0.82526,0.67903,-1.8824,1.8037,6.839
806,-2.4442,0.40291,-4.8507,-4.4664,8.4669
807,-0.14841,-0.71828,0.31398,-3.1732,-1.2336
808,0.68887,0.0098487,2.2165,1.664,-8.7356
809,0.89406,0.76744,1.4305,1.6642,-4.771
810,-0.17831,0.08689,0.13125,-0.79283,3.9125
811,0.41733,-0.12155,-1.9376,-1.7743,6.1424
812,1.4398,-2.2947,-2.5063,0.99352,-0.099003
813,0.61999,1.3016,0.63363,3.0772,-5.3133
814,0.61385,3.1068,3.5495,1.0329,-2.5089
815,-0.71999,1.9653,0.33439,-2.2594,3.5678
816,0.18443,-1.0944,-1.3293,-1.686,6.0952
817,-1.1565,-2.3972,-1.7378,2.8621,0.50343
818,-0.40229,-2.9554,-1.6914,2.7347,-5.0655
819,0.41412,0.61239,0.18946,-0.87183,-3.9078
820,0.9475,1.197,2.5938,-3.5162,2.6523
821,0.42777,0.056435,1.2276,-2.8666,4.2551
822,-0.72932,-0.43357,0.40928,1.5636,-1.1606
823,-2.005,-0.84933,0.17303,4.1543,-3.9212
824,-1.187,-1.4162,-1.8777,-1.6394,-0.66257
825,0.086896,0.98163,-2.8572,-6.4802,2.6621
826,0.26647,1.2658,-0.64669,-3.0512,2.796
827,-0.12895,1.1638,3.1468,2.9584,-3.7524
828,-0.49454,0.021363,2.928,4.1514,-6.5496
829,-0.862,-0.13683,-2.2977,0.098046,0.61114
830,1.2442,-0.49858,-2.4702,-4.6993,7.0707
831,0.70759,-0.61798,0.27802,-2.9631,3.5724
832,-1.8496,0.058672,3.4989,2.5897,-4.6709
833,-1.7093,-0.25137,1.4693,3.4293,-5.8159
834,2.2201,-1.3872,-3.714,0.522,3.3987
835,0.43389,0.35419,-4.9503,-4.2089,7.6623
836,-2.0885,-1.4684,2.1246,-3.1187,1.0841
837,-2.23,-1.5883,3.3159,3.5698,-7.2742
838,-1.7339,-1.5134,-0.62155,6.1727,-4.9477
839,0.027146,-0.17136,-4.4797,0.14484,3.7619
840,1.5571,1.5459,-3.1989,-6.4803,4.6545
841,2.4548,2.3443,1.1972,-4.1551,-3.193
842,-0.10034,2.8119,3.5858,3.4985,-7.5658
843,-1.9714,0.84727,2.3108,6.2534,-1.5116
844,0.036828,-2.0106,-2.3087,2.7907,8.3244
845,1.574,-3.8161,-4.8932,-2.7825,7.4585
846,1.1511,-0.37524,-2.4165,-5.8708,-2.7857
847,-0.85452,4.2071,2.0918,-0.81962,-11.254
848,0.76,2.4791,4.9276,5.3039,-3.3805
849,2.8016,-2.0318,0.34319,6.0517,9.4955
850,-0.17585,-0.77256,-5.0287,-2.5355,8.8672
851,-2.2838,1.1732,-2.9061,-6.8037,-4.7453
852,-1.3922,-0.70039,2.6019,-2.2751,-8.8974
853,1.7967,-1.7736,2.7819,2.6156,2.3955
854,1.4329,0.17538,-0.98575,4.6467,10.532
855,0.19439,2.6415,-2.4211,-0.08793,1.7578
856,-2.2029,2.3416,1.3117,-1.7466,-8.8886
857,-1.2765,-2.0952,2.0493,-0.7694,-5.4865
858,1.2431,-4.4879,-1.5625,1.1873,6.4774
859,0.28588,1.8675,-4.8957,-0.94923,9.7073
860,-1.1698,3.9262,-1.1986,-4.4613,0.22773
861,0.10518,0.67059,3.0116,0.85893,-9.6112
862,2.991,-2.3288,2.748,4.5609,-5.0743
863,2.0001,1.4585,-1.3574,0.55483,4.8135
864,-0.80304,3.3133,-2.9383,-3.5784,6.2072
865,-0.43729,0.3369,-1.7622,0.66308,0.1092
866,0.66075,-1.1871,3.8768,4.5231,-3.6268
867,-0.16873,-0.85069,3.8263,3.3251,-0.46337
868,-0.70833,-0.62461,1.392,-2.3587,-0.20065
869,-1.3895,-0.048961,-1.9244,-4.6487,-1.7265
870,0.1811,-0.11907,-3.9585,0.6962,0.11985
871,1.6659,0.70144,-0.27714,1.998,2.8728
872,0.17599,3.0986,2.6606,0.69495,0.3633
873,-1.821,0.97679,3.6205,0.23902,-3.1239
874,-0.038923,-4.0931,1.0354,0.31554,-4.2847
875,-0.93863,-3.1124,-2.3674,0.88687,-0.0062352
876,0.40012,1.5961,-1.8412,1.1548,4.7056
877,0.15458,2.1286,0.26483,-0.35609,1.827
878,1.5913,-0.31116,3.62,-1.5611,-1.2198
879,1.4076,-2.6578,1.7806,-0.3183,-1.4066
880,-1.3611,0.85954,-2.4668,0.64291,-0.42501
881,-2.6507,2.0304,-3.5314,3.9134,0.42476
882,0.31526,0.39451,-0.43907,2.2732,2.5093
883,0.72374,0.012387,0.69454,-1.2216,2.286
884,0.47491,0.10742,-0.73808,-4.0265,-1.5476
885,-0.22782,-1.5248,-1.0245,-1.3014,-4.6803
886,-1.6937,-0.99841,0.837,3.3918,-0.96346
887,-0.10778,-0.76373,2.1698,3.9597,4.6724
888,0.92103,0.66107,-0.1898,-1.6582,4.5695
889,0.55244,3.1109,-2.6171,-4.0541,-0.86622
890,-0.38992,5.1956,-1.4685,-0.41353,-7.0461
891,0.14429,2.6328,-0.005001,3.5409,-3.8914
892,0.13431,-0.93811,1.2358,3.3355,5.5975
893,0.88785,-3.1635,-0.0052406,-1.6892,8.1175
894,-0.80268,-1.7867,-1.575,-3.0238,0.18854
895,-1.067,-0.061521,-1.0138,-1.8595,-8.3538
896,-1.1075,1.1959,0.087298,2.1249,-4.3095
897,-1.2943,-0.59431,0.80548,2.571,5.5855
898,0.71757,-0.5745,-0.10589,-0.21124,6.7326
899,3.2537,-0.094755,-0.0032567,-1.3237,-1.1815
900,1.6521,3.006,-0.019393,-1.6041,-7.2097
901,-1.8697,2.1577,1.8402,1.5034,-4.8469
902,-1.984,-1.7395,0.60011,3.6289,5.5802
903,0.10014,-3.3321,-3.0807,1.2884,8.8818
904,2.7359,-0.94446,-4.9428,-3.5856,0.5684
905,1.9721,2.4314,-0.84821,-3.9046,-9.3195
906,-0.64908,2.4143,4.5083,-0.7049,-6.9698
907,-0.61598,0.31928,3.7802,3.8624,2.5029
908,1.8038,-1.664,-1.3584,3.3593,7.4837
909,1.7273,-0.93184,-3.7695,-3.5877,5.3069
910,-0.96945,2.731,-1.4087,-4.0119,-4.4486
911,-0.26589,0.68165,4.5139,1.0404,-8.7796
912,0.70786,-2.4719,4.386,4.3848,1.9008
913,1.2828,-0.96407,-0.5106,2.9116,12.307
914,1.2327,0.45234,-3.8942,-1.8837,5.5956
915,-0.72865,0.63641,0.14721,-3.5006,-7.1514
916,-2.581,-0.54931,4.3703,-0.37059,-8.186
917,-1.1703,-1.8537,3.2433,4.9897,3.2085
918,2.7777,-2.4126,-3.4283,1.63,9.9242
919,2.0327,-0.066871,-3.8054,-4.8106,2.3789
920,-1.0076,3.223,1.4915,-4.619,-9.7198
921,-2.8802,1.0757,3.9919,2.0046,-8.6422
922,0.063223,-4.2314,-0.33124,6.3163,6.3396
923,1.868,-2.7431,-5.2571,0.64327,13.174
924,0.018102,2.924,-4.3145,-6.0952,0.42819
925,-1.3895,4.6191,1.8857,-4.1467,-14.191
926,-2.6562,-0.70041,3.5739,4.4979,-8.992
927,-0.98665,-7.4549,0.86986,6.2357,8.146
928,1.3935,-2.5594,-1.902,-1.8866,12.752
929,1.4111,3.3813,-2.704,-7.8633,-1.3831
930,0.76503,4.6418,0.39993,-3.6432,-15.404
931,-1.8179,0.24369,2.0223,6.6803,-7.2242
932,-1.5041,-3.9629,2.176,8.0469,10.812
933,0.97199,-3.7748,-2.4708,-0.82742,12.153
934,1.9334,0.91677,-2.3784,-8.8297,-1.6465
935,0.83537,4.7792,1.656,-5.0606,-13.438
936,-0.58112,4.3259,1.7112,3.8873,-7.2347
937,-0.74847,-3.0292,-0.56461,5.5059,9.3547
938,-1.4133,-6.2948,-2.331,1.0399,12.452
939,-0.40521,-2.1692,-0.65127,-4.4403,1.6193
940,0.75507,4.5663,2.1675,-1.7867,-10.23
941,1.6978,5.5907,1.5261,4.0031,-9.3067
942,0.45365,-0.38476,-1.135,4.7798,1.8657
943,-1.5602,-3.5638,-3.7824,-0.71038,8.9447
944,-1.2441,-2.0405,-1.6786,-3.7945,5.3309
945,-0.31634,0.18411,2.5607,-0.22501,-2.1073
946,0.87633,-0.11669,1.5668,3.3067,-5.4711
947,0.34254,1.9796,-0.69412,0.60445,-2.1482
948,-0.34384,1.9754,-0.91867,-2.5303,1.6186
949,0.16509,-0.54193,-1.3685,-1.4283,2.9641
950,-1.031,-2.2811,-0.42181,0.4903,-1.5713
951,-0.92189,-2.16,1.7633,2.4667,-3.1695
952,-0.74404,0.26537,1.4119,-0.72381,0.59852
953,0.31806,0.15517,-0.33631,-4.2478,2.2063
954,0.90741,0.81513,-1.5684,-2.4113,-0.15982
955,-0.032706,0.40612,-1.4308,1.9383,-3.6376
956,0.78708,0.75761,1.2746,2.1394,-2.3522
957,1.2231,0.8939,2.0433,1.1022,2.0032
958,1.3998,-1.0047,0.17738,-1.4329,3.3206
959,0.89161,1.2505,-2.5845,-2.2739,2.2333
960,1.3575,0.86837,-1.0314,0.59523,-1.5371
961,0.6766,-0.61858,0.98112,2.457,-3.9354
962,0.04352,-0.82685,3.546,-0.54318,-0.15502
963,-0.81432,-1.0234,1.9642,-3.7553,3.2491
964,-1.865,-0.13696,0.10819,-1.1683,2.2672
965,-1.0047,-1.848,-1.7291,1.9343,0.40227
966,1.1395,-0.72254,-2.1029,0.23891,-3.4715
967,2.1855,2.2605,-0.80382,-1.7751,-3.6093
968,-0.37251,2.4149,1.1039,-1.3354,-1.2355
969,-3.7278,0.32095,1.7503,0.38876,-0.94235
970,-1.2997,-2.3512,1.3639,3.5912,2.5653
971,2.7284,-3.2024,-3.2675,0.93173,6.0183
972,1.852,1.6333,-2.7526,-4.4667,1.1586
973,-0.022578,2.9495,2.0272,-4.3129,-8.4442
974,-1.5447,1.3641,5.5911,3.0055,-6.2026
975,-0.35488,-0.53208,0.19195,7.5808,6.3086
976,1.1135,0.38606,-4.6713,2.145,10.675
977,0.36315,1.8497,-3.9839,-5.6988,1.6012
978,-1.5087,0.48611,1.3811,-5.166,-11.967
979,-1.7552,-4.7344,4.0874,1.6321,-7.9599
980,1.5726,-4.3233,0.12512,5.2573,8.2474
981,0.79238,2.8244,-3.536,-0.30557,12.992
982,-0.096538,4.935,-1.4707,-4.5371,0.53325
983,-0.94912,-0.22779,2.6316,-1.7878,-12.658
984,-0.39029,-3.149,1.1832,1.9622,-5.4826
985,-0.24645,-2.7083,-2.1634,3.3375,8.331
986,1.0668,-0.6281,-2.8589,0.08291,9.5709
987,0.46171,1.743,-0.03154,-2.4195,-1.116
988,-0.97966,2.9682,2.6302,-1.4578,-9.3013
989,-1.6415,0.7186,2.5197,0.71626,-4.6688
990,-0.3002,-3.7436,-0.9389,0.33229,6.8826
991,1.4955,-4.3424,-1.9946,-1.3568,8.6235
992,0.99124,-0.21366,0.65076,-1.0545,-1.4003
993,1.1041,5.6976,1.1493,-0.76107,-11.277
994,-0.1253,4.1411,-0.63057,1.6489,-6.9383
995,-1.7668,-3.2037,-1.6538,2.8702,4.0476
996,-1.9049,-5.0935,-0.31362,1.1516,10.597
997,0.41441,-1.072,-0.77121,-0.7704,3.4661
998,2.8202,2.2793,-0.71587,-1.74,-7.532
999,1.591,3.8214,0.76466,-1.3975,-10.175
